x,208908,3062316,9826528,24964624
DDR1,0.8577686,0.9817475,3.055338,1.591322
PAX8,-0.39762273,0.8183063,0.27954108,-0.17199542
RPS5,-1.9041495,-3.276391,-0.77988875,-1.8609614
ABCF1,0.9037746,0.8856387,0.7353458,2.7583113
SPAG7,-1.5557505,-1.587661,0.9307878,0.9883983
RHOA,-2.2227411,-0.64991754,-0.37708852,-1.7334762
RNPS1,1.758271,0.89847803,0.060724556,-2.1027377
SMNDC1,1.79001,-0.165735,0.59198046,-0.15068796
ATP6V0B,-1.9914236,-1.2854983,-1.10423,-0.46713147
RPS6,0.08372805,0.23297319,1.1073322,0.44126529
USP22,-0.95801175,-0.8492215,-0.7870561,-1.2630911
APP,1.3008331,-0.24901648,0.61204267,1.2991984
CLTC,-2.089775,-0.42273426,-1.2399381,-1.9600594
MLEC,-0.96977246,1.5262508,0.46544287,-0.96849877
CSRP1,-5.8872957,1.055372,-0.5570464,-2.9870408
CALM3,3.515776,-0.48898828,1.3518475,1.1570072
PTPRF,2.286994,1.0973482,1.7305818,0.10246968
DNAJB1,-0.1775936,0.74886173,-0.046957016,-1.5703477
XBP1,-0.3610078,-0.14618608,-1.1478993,-0.22106767
GRN,-4.048326,-0.37025926,-0.20595351,1.5255308
HK1,-0.3856416,-1.7700664,-0.70315766,-0.36542958
KDELR2,-1.3655484,1.6336818,-1.530118,-3.0028162
SKP1,-1.3571067,-1.7093143,-2.25405,-1.6935263
CAPN1,-1.3215512,-0.015378982,0.11394279,0.71686274
CALU,1.5736864,1.7824423,-0.9321689,-1.145319
CTSD,-1.2252817,-0.13153136,0.5420942,2.4312952
MAT2A,0.4067641,-0.25427514,0.79524374,1.3445845
STMN1,-1.4523507,-1.860307,-1.0894179,-3.6816947
ECH1,-1.3254571,1.700449,0.4338032,1.869692
IQGAP1,3.3255086,0.5405719,-0.24036577,0.9468359
HSPA1A,-0.40137792,0.041428987,-0.19044101,1.1005785
HSPD1,-3.7503648,-0.37510037,-0.59540683,-1.5634805
CIRBP,-5.0985136,-0.8439961,-0.02122461,0.48388097
PSME1,-2.382115,0.09006495,-1.6267436,-1.5230114
PAFAH1B1,1.6185237,-0.48932713,2.1939168,2.5035386
HYOU1,0.99253696,0.97348565,1.5157075,0.47716635
PSMD2,1.0403751,-1.3618959,2.3525898,1.0939
EPRS,-0.4832554,0.81525123,-0.6874281,-0.7538599
PSMD4,-1.16713,0.008081466,-1.1071196,-0.86100507
PGAM1,-1.0873114,-0.2694809,-0.26235223,-2.9100676
STAT1,-1.1797463,-0.28013882,-0.89456236,-0.24885932
FKBP4,1.6951894,1.5881804,1.2698145,1.8034785
KTN1,0.1696142,0.26665524,-0.007897437,1.5280645
TMED10,-1.8088468,1.0536393,-2.5686026,-3.4097154
ALDOA,-2.4804144,-0.8778773,-1.2595772,-0.67679
TSPAN3,-1.9631205,-0.5529961,-1.8823028,-2.8951514
GNAS,-2.8932776,-0.9248299,0.18113673,-0.86919594
HIF1A,0.60957927,0.48521978,-0.40816832,1.553175
AARS,-2.8486161,0.6765559,-0.6845542,0.6250145
RPN1,-0.51897585,-0.94049704,-0.75037426,-0.91849655
PAICS,-2.9631,-1.0235417,-1.8360186,-2.8932858
BLCAP,-0.66877484,1.0661054,-0.016263619,-1.8511775
HADH,-0.40963474,0.1554101,-0.3124925,-1.8600051
GNAI2,-1.9387562,-0.33852196,0.09316933,0.8890054
PSMF1,4.6135306,-0.7653918,0.7997029,1.4338591
MYL9,0.9403846,-0.39495796,-0.112378925,0.85783404
MMP2,1.9846123,1.166007,1.2630429,1.5020071
SMARCC1,-1.4228938,0.36495376,0.55491257,1.5651726
TM9SF2,-3.0499039,-0.36326313,-2.1069703,-0.48151135
PIP4K2B,-2.018703,-0.3894395,-0.47817385,-1.6176622
PXN,0.9108118,0.15034488,0.5056345,0.6870238
COPB2,-1.0110414,1.0291383,-0.6511527,-1.2355924
PFKL,-1.398376,-0.3316569,-0.434951,-0.36902612
PGRMC1,-2.0482252,-0.27795738,-0.7437246,-2.0288446
ITGB5,-1.3558242,1.5221152,-1.6582096,-0.19841239
PLP2,3.1879463,1.1075491,2.4394565,2.0190258
NFE2L2,1.1420628,0.54154146,0.7767661,0.79152334
MBNL1,-1.4473511,1.86104,-0.8874423,-2.135763
NMT1,2.4939084,2.8903253,1.6102564,0.94632524
BHLHE40,-1.1937573,-0.7855079,-0.9979917,1.7387196
TERF2IP,1.0469356,-1.0094966,1.3891363,1.0502119
FBXO7,-0.6563933,-1.2449802,-1.6886249,0.17695902
HTRA1,1.9607522,0.2825009,0.96487916,0.9028793
LRPAP1,-1.2504652,0.15355161,0.3526105,-0.76869744
CREG1,-5.5504127,-0.7438926,0.4645716,-0.99864686
PCNA,-0.5287922,-0.27108157,-0.77345115,-3.38925
LGMN,-0.8841997,3.2322814,-0.1067967,0.72456986
ILK,-1.1333505,0.4493373,-0.79826635,-0.08976413
ATP1B1,-0.3939796,-0.31181002,0.09319925,-0.3034485
SYPL1,-0.248283,-0.12667102,-0.7216838,-0.38748765
TXNRD1,-0.6997037,-0.5934296,-0.45075282,-1.5165876
NUDCD3,0.11444223,0.7974281,-0.79491246,0.28345472
TOP2A,-1.5495753,-1.9438705,-2.0443864,-4.2885513
STK25,-0.32254073,-0.4858455,0.22307363,0.26079488
EBNA1BP2,-0.60614634,-0.8707723,-2.4364932,-2.392296
ARHGEF12,-1.7387447,-0.34246665,-0.67020804,0.44709185
SCP2,-1.0437944,1.65196,-0.7540118,0.16882204
YME1L1,-4.7712183,-0.20106304,-0.58878654,-1.7935807
TMEM109,-0.41359064,0.32306588,0.12579958,-2.2314997
TPD52L2,0.215532,3.7966354,0.40418202,5.8677063
CRTAP,-2.3160377,-0.87821805,-1.3436954,-0.4433252
TRAP1,-1.6037903,-1.3538723,0.6945599,-3.3891006
IGF2R,0.14632587,0.98136073,0.58619744,0.96484435
PHGDH,-2.2450974,0.73676395,-0.7784563,-2.4647644
LRP10,-0.35382038,-0.3761673,-0.81057394,2.309326
SOX4,-0.7246798,-0.4751563,0.54271954,-0.7936165
CAT,-0.0409019,0.925177,-0.40016273,0.51416457
RHEB,0.72591496,-1.0355817,-1.7309161,-1.1626008
MAPKAPK2,-2.0351048,-0.8071002,-0.60613173,-0.19533989
SCRN1,1.2073896,0.8855875,0.37038454,1.2023677
JUN,1.0851219,0.17585552,-0.081255615,1.3131696
SHC1,3.8107562,0.73425233,1.4516873,0.8725356
SQSTM1,-1.3218937,0.25565666,-1.1206584,3.1488523
PRCP,-1.0547488,0.27500427,-1.333439,-1.9436119
USP7,-1.7211514,-0.40293133,-1.7224946,-1.9132345
NFKBIA,-0.60493934,-1.1486849,1.1302781,1.9247674
G3BP1,-1.5425464,-1.7179914,-1.1117426,-1.8049495
TOMM70A,-2.2363424,-0.52582824,-0.55004454,-2.0493665
RPA1,-0.80171114,-0.012125818,-0.13908827,-3.7197795
ZFP36,2.4591823,-0.5979723,1.3839027,2.431532
DUSP3,-1.3762703,-0.043845296,0.066757925,0.82929796
KDM5B,-1.1622195,-0.24451932,-0.120581135,-2.0741117
MCM3,-0.625845,0.310764,0.14817062,-2.6895196
CLIC4,-1.8208883,0.68391275,-0.5818022,0.27678886
CLSTN1,-3.485678,-1.2038109,0.4203536,0.6898285
ID2,-1.2105707,-0.6639312,0.059703708,1.2196658
DCTD,-2.0508564,-0.32074136,-0.004639536,-0.59864223
FAT1,-0.09828907,0.4510618,-1.4377717,-0.3057875
SMC1A,0.87425476,-0.067188516,-3.16807,-0.98687834
NISCH,-2.3061821,-0.39282274,-0.076543316,0.9451333
PWP1,-0.51662976,-2.5869255,-0.31775978,-2.9462404
ICMT,0.09681839,0.27023515,0.6000989,-1.0789111
RUVBL1,-0.9848946,-0.13580199,0.978249,-2.3830137
MBTPS1,-1.3979468,-0.9018434,-0.8742738,-0.84582543
INSIG1,-0.87688965,2.6223793,-0.675907,4.554328
RRAGA,-0.17387767,-1.457925,0.8689995,-1.9487432
IER3,0.6538677,0.16684714,-1.0001631,0.29372537
UBE2L6,4.069137,1.8121414,1.6650069,2.4417892
SMC4,-1.1939164,-0.1465377,-1.3165469,-1.9305644
USP14,2.515504,1.976524,1.8777139,3.3612213
EGR1,-0.36779648,-0.49535996,-1.235492,-0.214419
PNP,0.70437086,-0.7156487,-0.09841848,-3.3862379
DNMT1,1.883146,-0.72622865,0.25412297,-1.1742246
CCND3,-0.19380313,-1.2376008,-1.4618578,-3.0191512
NIPSNAP1,-1.909006,0.678866,-0.3421989,-1.35027
MYBL2,0.5379322,-0.45914716,1.003125,-2.6411605
EPB41L2,-1.8642054,-0.6851153,-1.7936099,-2.898062
ELAVL1,-2.72398,-0.6901578,0.41105872,-0.772684
KIAA0100,-2.337712,-0.12764257,0.39370117,-0.32677197
TP53,-2.147667,0.1446786,0.5573515,-3.2972622
RPA2,-0.13562322,1.2182115,-0.13085416,-2.472488
MTHFD2,-0.73414695,0.5508902,-1.6021078,-1.5258149
PSME2,-0.6476274,0.002862334,-0.14086387,-1.0502592
DAXX,1.1040201,0.96553004,1.050539,0.38045523
ELAC2,1.6572633,0.61472565,1.3009503,0.36859548
NCAPD2,2.5520375,0.028574795,2.3237915,0.82711136
EFCAB14,0.35192305,1.3360626,0.05782649,0.8711196
DDX42,-1.1685255,0.6701925,-0.75409424,0.2240679
LBR,0.17359406,-0.6149594,-0.5312486,-1.7415615
SH3BP5,2.6726503,1.1058333,0.14294022,1.2845601
UBE3C,-1.0034069,-2.964084,-0.348938,-1.5657746
SCARB1,-1.214932,0.025518715,0.4781939,0.8909503
SCCPDH,-0.33781907,1.7580311,-1.6368567,-1.2159401
SMARCD2,-0.9387253,0.8453777,0.38376206,-0.048702
NET1,-0.61616015,0.46149436,-0.22477156,-0.084370315
HDAC2,-0.6466188,-0.8417906,-0.04378698,-3.249701
HSPB1,-0.57594615,-1.4124215,0.849864,1.054033
LIPA,0.18186356,2.9652476,-1.4898257,1.1180551
BNIP3,-0.6388146,0.5417647,-1.4400237,1.0823252
CDC25B,-1.0810765,-0.31557024,-0.27631798,-1.8082496
ATMIN,-0.56517327,1.9678655,-0.20177044,0.57471603
TOMM34,-0.9099867,-0.88633955,-1.2064131,-0.83440834
MPZL1,-0.86559784,-0.45349294,-2.8699007,-0.44755304
IL13RA1,2.5639386,0.85798675,1.5121323,1.3123276
PSRC1,0.5476215,-1.1150987,0.8461375,0.3049954
UBE2A,-1.4633539,0.8391104,-0.9184733,0.06341098
COASY,-1.3249425,-1.0941848,-0.011089623,-0.33820176
LRRC41,0.8057023,-0.25956824,1.1294155,1.0391319
MYCBP2,-0.46933663,1.0217286,-0.7261185,0.19989824
RBM6,1.7387838,-0.08334407,-0.7128192,0.7708226
PGM1,-2.1285317,0.18274885,-0.32026285,0.03725484
MYO10,0.6101593,2.9665916,0.002311453,-1.9079068
RSU1,-0.72743344,0.47004893,-0.053694695,-0.18722719
EGFR,-2.1030433,1.2301849,-2.296428,-1.2616764
KIAA0196,1.3965626,0.5864961,0.87942183,2.2972355
EXT1,2.0491889,-1.3178144,1.2008152,1.6052785
SPEN,0.426141,-0.8159487,0.6709095,-0.3599006
PTPN12,0.24013177,-0.88331294,0.070043296,-1.9945947
TWF2,-1.8359311,1.3968475,-0.40841377,0.38416457
TJP1,0.311699,0.9781928,0.6545526,-2.157923
MEST,1.6553649,-0.41890866,1.2679293,1.5524973
ALDOC,-0.5933178,-0.13942787,0.0731291,2.5733008
KDM5A,-0.90877724,1.7067704,-1.059663,0.6355643
RAI14,3.4763987,0.39801347,1.1097864,1.381151
BIRC2,-1.7739304,-0.31872612,0.5408437,0.2696111
CTSL,-1.4081578,-3.511332,-1.2422676,2.737761
PAF1,-0.07958814,-1.287293,1.0298406,1.0620599
BIRC5,-1.93607,-0.93046474,-1.2135773,-4.7288513
RALB,-1.5636318,1.2869289,-0.16673844,-0.21226002
ARFIP2,-2.5753183,0.6230356,-0.40141976,-4.0481253
ARHGAP1,0.16839182,0.2794755,0.15621632,-1.2837734
CPNE3,-1.197625,0.7743144,-2.629786,-0.25376892
ABL1,1.1853546,-2.3337162,0.90921676,1.1130595
TRAK2,-0.90758115,1.284308,-1.1332473,1.6850419
PYCR1,-1.5419433,1.341033,0.42994523,-2.8890305
NUP62,-0.9983672,-0.5119846,-1.0258969,-2.3495455
PCM1,-4.3899837,-0.6673522,-0.94592595,-1.6364043
BLMH,-1.313636,-0.661574,-1.8618923,-0.85553837
MVP,-0.20808601,0.24155946,-0.38750696,1.8552451
NUP133,0.44917572,1.337702,-0.12526627,-1.3493389
PLOD3,1.3820643,-1.9166228,-1.585921,0.6648927
PPP2R5A,0.33810818,1.1946472,-0.66087127,-0.32927772
NUP93,-1.1217089,0.06310804,-0.55899906,-1.2214243
ARL4C,3.1671505,1.2316078,0.9556289,3.4063272
KIAA0907,-0.34555846,-0.6956359,0.4263865,-2.440708
CRK,-1.2166333,-0.23268837,-1.2481955,-3.965063
CHERP,-1.8923612,-1.8319447,-0.08499032,-0.8363136
PLK1,-5.2435274,-0.40310913,0.238522,-3.3284845
TRIB1,3.5972672,0.49249798,1.3718587,3.2645392
CDK4,-1.8441716,0.48001245,-0.6717833,-1.9357994
STXBP1,-2.1718953,0.53128576,-0.8387563,1.8512197
VPS72,1.1995394,-0.51778936,0.16727066,1.0272986
HSD17B10,-1.061376,-0.8522703,-0.68193746,-1.6032481
CDKN1A,-1.1382321,-0.06649118,0.05578368,-1.0804067
COL1A1,-0.17886892,-0.025082588,-1.0676748,-0.1223222
SENP6,-0.9089543,-1.0173118,-0.6887243,-0.012491673
ACBD3,-1.102408,-0.66148436,-1.5574186,-1.1767592
CSK,-0.34943557,0.586259,-0.19158648,1.8055214
CSNK1E,0.8822583,1.3043085,1.1823983,3.116086
TOR1A,-1.4081739,2.1073508,0.61615205,0.4403907
TRAM2,-1.3470192,-0.42151004,-0.43477702,-0.5196115
TCEAL4,-1.8658856,0.030851305,-1.8658425,0.9908478
GNPDA1,-0.79571116,0.62050784,0.22907904,5.4597692
RGS2,-0.12702003,0.117721185,0.71025217,0.8090087
ABCF3,-1.593329,0.063365206,-0.77185464,-1.5118248
TCERG1,-0.3184263,0.64090043,-0.4531372,-0.5493313
USP1,-1.1499608,0.097039476,-0.073110245,-2.7689116
KEAP1,-0.1945948,-0.95897704,0.8276321,0.9080877
KAT6A,-0.48094934,-0.008007467,-0.1385942,-1.8870648
MPC2,-3.2792902,-1.7600904,-0.35754323,-2.6313834
MYC,-0.6097883,-0.44401443,-1.632436,0.8228699
SLC35B1,-0.39071667,-0.17380169,-0.4665602,-1.8156929
PLSCR1,0.9764106,1.7396295,-0.26298586,0.4151141
DECR1,-0.42344388,-2.1169746,-1.9489536,-2.310359
ERBB3,-2.9346194,0.79976076,-0.5572179,3.338962
PRSS23,-0.4097377,1.1563262,-2.0526574,0.15380335
PAPD7,2.2075305,-0.6624899,1.4723011,1.7241995
CTNNAL1,-1.2618511,0.18320085,-1.6396399,-0.07320145
IKBKAP,1.0537829,-1.7350461,-0.15176454,-2.5544388
PPIE,-1.5946406,0.39073217,-0.39328173,-0.15523806
DNAJB2,-1.4689599,-0.6080681,1.5340444,-0.8840692
SNAP25,1.4303982,0.17012215,0.41949195,2.4217231
BCL7B,-0.59932935,-2.270864,-0.2810995,-2.2749949
GALE,0.5981399,0.46906477,0.16093668,0.9655912
HMGCR,0.13716538,1.3297207,0.7374576,0.70359147
PRKCD,-0.4912112,-0.4354402,-0.79917103,0.752096
VAPB,-3.2243285,-1.0893848,-1.2448765,-2.3067875
MYLK,1.608102,-0.3693844,-0.95023763,2.9573352
S100A13,-0.94451356,-0.7091938,-1.4506431,3.211626
NRIP1,0.052255005,-0.28623837,-0.98084867,-2.8512788
HTATSF1,2.4164963,0.9629384,1.4461539,1.7115952
ADAM10,4.189704,-0.44788578,-0.8725133,-0.4478014
EAPP,-0.022881195,0.43124026,0.20502514,0.85093534
SERPINE1,-0.19821052,-0.3049576,-1.5454568,-0.24896723
APPBP2,-0.3909508,0.17017186,-0.4658063,0.96136296
TOPBP1,1.948254,2.6953192,0.6063743,0.36289746
POLR2K,0.008031368,0.31302714,-1.8765463,-3.3611999
ICAM1,-1.3114648,0.100994825,-0.08436109,-0.25776607
NRAS,0.6262268,1.2975549,-0.38799942,0.8601824
LPGAT1,0.13113773,-0.14208421,-0.9815818,0.18761286
PSMB10,1.0653528,0.6710025,0.19427375,-0.18425822
SDHB,-2.3956466,-0.30824727,-1.3377165,-2.4592977
RASA1,-2.2017474,0.2838832,-2.6207204,-0.08714627
GTF2A2,0.57026684,-0.1090602,-0.109454334,-1.6456416
NPC1,-0.7575432,-1.6609027,-0.9529001,-0.7874272
GTF2E2,-1.0127178,0.46763387,-0.6958734,1.0887833
RNMT,-1.3964667,-1.0813377,-1.8623359,-0.4978575
RBM15B,0.7527863,-2.401008,-1.1735418,0.33120844
OXSR1,-2.314643,-1.6450901,-1.4268477,-2.375688
DUSP11,0.60134876,0.38451904,1.0576264,2.3952827
CCNB2,0.30541015,0.24475315,-0.8246251,-4.86945
HIST2H2BE,2.0514953,0.31897065,1.0028257,0.7288679
PTPN1,1.169347,-0.87745404,1.3217263,1.7488134
TES,1.9673827,0.9823725,1.1019977,1.7068734
GFPT1,-1.5948293,-1.0878695,-0.4746774,0.5667207
LIG1,-2.9190857,-1.1266109,-0.086552285,-2.914961
PKIG,-0.20803279,-0.56225944,-0.8398696,1.2722249
P4HA2,-0.19336522,1.8885154,-1.6789877,-0.46752864
EBP,-4.2557483,-0.09849763,-0.6747864,0.59020704
PHKB,-1.6174253,1.2055516,-0.5197048,-1.6600784
PIK3R3,-0.34091213,0.7641345,0.13276418,-2.7993965
WRB,-1.3087475,0.26674893,-1.0672157,-0.20074695
GPC1,1.6590075,0.5791127,-0.07536331,2.125453
SYNE2,-2.4920464,-0.6666531,-1.218384,-1.0560935
CASP3,0.41181138,0.86485225,-0.46566474,1.1899905
DNTTIP2,-0.4536366,-1.67062,-0.6086247,-2.402597
ZMYM2,-0.50041294,-0.3461546,-0.44615012,-0.33711645
OXCT1,-2.381034,-1.2853813,-1.402728,-0.5974783
NNT,-1.9438049,0.53155696,-1.2861989,-0.048758097
MAPKAPK3,1.6395305,-0.37060666,-0.5689718,0.76820004
INPP1,1.290454,1.1152639,0.40451103,-0.72855884
SACM1L,-0.22101474,0.4847634,-2.5030584,-0.816871
PRKACA,1.7957852,0.20010976,1.5618051,1.774329
INTS3,-0.16959178,-0.94786024,-0.041398436,-1.8453581
STAMBP,-0.7586837,-1.073508,-0.8458445,-2.4274979
GAA,-2.9005473,-1.2916762,-0.9721478,0.9428005
TARBP1,-5.961872,-0.82039255,-1.0782846,1.8855472
SLC25A4,-5.392083,0.569308,-1.4356873,-3.950871
SLC37A4,0.7659644,0.62803423,-0.13878122,-0.4644612
PCK2,-1.5615392,0.04344442,-0.9891621,-0.92033625
HPRT1,-0.09335846,-2.5636797,-1.7545763,-0.7649864
FAH,-1.7066798,-0.12001935,-0.88011247,-1.339386
POP4,-1.2214512,-0.029709324,-0.7579557,-2.3994384
CDC20,-0.9335274,-0.6529147,-0.5142127,-4.1901026
CYTH1,-1.1550274,-0.86916083,-1.3380425,-1.3097873
DDIT4,-2.3999918,0.415922,0.12354452,0.7102713
MAP7,4.397624,1.0203837,-0.90912205,-0.020068012
NIT1,3.7713351,0.69868636,1.393365,1.942017
NUP88,-0.7582553,-1.4714307,-1.3380576,-3.8978677
WFS1,0.50784713,3.1805608,0.7220611,0.15502799
ADGRE5,-0.9941286,0.31670284,-0.41510087,0.9658739
MSH6,0.48720473,0.7863219,-0.5306574,-0.77497685
FAM20B,2.3092608,0.97216,0.4964689,2.270313
PIN1,-2.2390752,0.92687714,-0.9355092,-4.4855614
ETFB,-2.4594398,-0.85151064,-0.7277583,-1.8201208
FPGS,-2.7386525,0.40867835,-0.23598379,0.074101
FHL2,0.558465,-0.2438165,-1.3511243,-0.5314895
CRYZ,0.54676604,0.16460086,-1.8627199,-0.6880411
UBE2C,-1.2065624,-0.45085698,-0.765123,-3.506257
RFX5,0.19894755,-1.2522889,0.30047083,0.17497906
ARNT2,1.8691561,0.6183331,1.652457,1.745751
PYGL,0.08037395,2.6184766,-0.41902924,-0.13081914
POLD4,-0.58356637,1.47312,0.2487379,1.6511245
LYPLA1,-0.8091506,-0.48004758,-2.3066838,-1.1480618
ECD,0.11886379,1.9174051,0.91458845,0.75114524
PTPRK,1.7169914,1.0011368,1.3680335,1.3646842
TIMELESS,0.31464714,-0.6074762,2.0094585,-4.585683
STK10,2.5490441,0.23632787,2.2025115,1.8223376
TP53BP1,0.32744122,-1.1222274,0.7506385,0.54513395
TCTA,0.12987322,-1.2159467,0.36128837,-0.3330442
PDHX,-1.5503917,0.77477396,-1.0098615,-3.0234795
KLHL21,-0.2965826,-1.2061117,-0.11072059,2.3799257
COG2,2.3088512,-0.2782027,1.6920474,-0.31248063
DNM1L,-0.9195892,0.04266704,-0.6546997,-1.8202915
PTK2B,0.8185049,1.2069969,0.9084274,0.2844438
PAN2,-0.2331504,-1.8772107,-1.01408,0.7157373
CCDC86,0.95713216,-2.3802862,1.4965776,0.49616933
TP53BP2,0.10486917,-1.2694725,0.885387,-0.10541342
SLC11A2,-0.2402179,0.9372669,-0.021527708,1.1898686
SPTLC2,-1.9149954,-0.80517465,-1.0324574,-1.9607692
KIF5C,-0.77263355,0.3264497,-0.5251458,0.16759884
RB1,-0.4768575,0.19513848,-0.60993195,-0.9532699
TBP,-0.41641468,0.41285208,0.36488315,-1.506385
HAT1,-1.1820236,-1.8451488,-0.5972537,-1.4015101
PAK4,-1.1126853,-1.6843537,0.6882934,-2.6408286
TIMP2,2.2940068,0.906965,0.20396528,2.2193184
RRP8,-0.26597974,2.2425425,-0.2601667,-1.8772252
S100A4,0.6821324,-0.19460842,-0.11024624,1.2802145
B4GAT1,-0.9660015,0.43882167,0.44682825,-1.0183611
ABCB6,-2.0146496,-2.3206441,-0.46504232,-2.0840707
PMM2,2.2085414,-2.1288,1.4101329,0.5904005
MTFR1,3.4400053,1.0891019,1.3510293,1.9474108
RFC5,-0.07367949,0.04036478,0.36552098,-2.303172
CDK1,-0.3746315,-0.5501302,-0.44223672,-5.931461
ST3GAL5,1.3064344,2.8285162,2.8277428,1.0725613
MAPK9,5.06659,1.34459,1.0352337,1.9002297
TLE1,-1.4188671,-0.7535441,0.3684198,-1.7899463
PAFAH1B3,-2.2576442,-0.5060263,-1.4652455,-1.6211132
IL4R,3.7911615,1.0315399,2.1274993,3.54192
NPRL2,-2.6712637,-6.547593,0.2397549,0.755724
CDH3,2.1968982,3.1046638,0.66699433,1.093888
DRAP1,-0.7961601,0.13730869,-0.8013292,-0.95975864
DFFA,2.4261758,0.12844293,1.2669675,2.647316
EDEM1,0.509875,3.0912619,0.50943214,1.4447336
HS2ST1,2.4403336,0.8579918,0.54481864,-0.118486166
KIAA0355,2.0272946,0.7080772,-0.7261717,1.4093381
CNOT4,1.9308134,1.0454314,0.6236174,3.623502
DMTF1,0.7464041,2.0287054,0.5145583,0.89510125
DCK,0.69903326,-1.3257464,-1.2966912,-1.4119626
DYNLT3,-1.0058582,-0.6920822,-1.6462624,-0.60429096
BAMBI,1.587848,1.3693438,0.6767478,0.15793091
SLC35A1,2.0669756,1.4577057,0.46518812,2.8750048
NCK2,-0.063829616,0.6721634,-1.3945932,-0.47817147
ITGB1BP1,0.5724412,0.9568308,0.0779788,-0.864362
PPP2R5E,3.1189923,-2.435147,1.3842504,1.8525503
CEBPZ,-0.17249167,-0.53070426,-0.003710076,-1.2274318
TIMM17B,0.9273831,-0.19872284,-0.051799186,-0.41358984
UGDH,3.884821,3.2595103,0.49415958,1.6207135
MTF2,0.5106929,-0.56036025,0.24499057,0.24789643
EZH2,0.2683084,0.001565054,-0.07658893,-2.5095503
MYCBP,-5.652155,-1.1953623,0.12286765,-7.522224
DUSP14,0.029466867,-0.72795045,-0.6257886,0.021686383
SOCS2,3.9937122,0.22791861,1.8774537,1.8838341
RPS6KA1,-2.1918476,-0.6481606,-1.1138004,-0.4748014
APOE,0.35542518,0.43252844,0.9360921,-0.13806552
HES1,1.0663792,3.7616026,0.100241154,-0.8727007
PSMG1,-1.0990853,0.26631838,-1.6975118,-2.4889054
SATB1,0.5503603,-0.13883623,-0.12457162,-0.04557744
DDB2,-1.1286321,0.86876583,0.68730164,-2.1482499
CCNA2,-0.91062427,-0.116787866,-0.46388164,-3.5072658
EML3,0.67713845,0.153147,0.32326192,3.0620685
PRAF2,-0.5604397,-0.5359089,-1.1732204,0.64419216
SPR,-0.29771897,-0.6526227,0.32470816,-0.53065795
EPN2,0.5955533,0.8204255,1.1107846,1.6999779
MRPL19,-0.3310526,-0.5244369,-1.1876981,-3.0082726
CEP57,0.3046486,-0.14318627,-0.002369463,1.4050069
TRAPPC3,0.08371948,0.30146384,0.0114142,0.50209224
ZNF318,-1.4798597,-0.84364516,-0.6708049,1.4053236
STX4,2.2622344,1.9501102,1.136184,2.4648771
IPO13,0.9837577,0.42271075,1.479332,1.6012791
PCBD1,-0.74202275,1.6186699,-0.52772,0.14206026
MNAT1,-0.84648955,-0.57645726,-1.4769964,-0.16827308
AGL,3.1588745,0.80186677,0.58523303,1.0483364
LOXL1,0.5178683,-0.070215106,-2.7257915,0.375808
NFIL3,-0.9272897,-0.5698088,-1.169594,-0.26317403
CSNK2A2,3.9894145,0.72537315,1.0017793,2.9258728
RAB4A,-0.35837936,-1.0165935,0.12832946,0.20473829
POLB,1.1842327,1.3333384,0.43348125,-1.1067872
IGF1R,-0.65967077,0.27375486,-0.56833225,0.7474414
FGFR2,2.8768616,0.7093855,0.9704379,1.351371
MBNL2,0.012386411,2.8722847,1.5833886,1.6228554
TATDN2,-2.0473561,-0.2193633,-0.57400817,-1.62779
TRIM13,3.758419,1.056912,1.4076228,1.0188462
HMOX1,-1.8608935,0.11415834,-0.8876214,0.45586118
NUCB2,-1.3224114,1.1367195,-1.0584651,-0.008209545
BCL2,4.7404437,1.0770231,-0.004178874,-0.79297864
RFC2,-5.059597,0.068712234,1.0252945,-4.1107073
FZD7,0.24880102,0.040833816,-0.5591356,7.4282246
PHKG2,-1.7202463,0.47975203,-0.23563129,-0.67684346
GADD45A,-0.51739097,1.3286031,-0.44266474,3.6111884
LAMA3,-1.343105,-1.4128323,0.047884703,0.18740419
SKIV2L,-2.1114132,-0.4384414,-1.3336439,-0.7240269
BUB1B,3.2056704,-0.22108701,1.9010012,-0.26889095
SLC25A13,-0.96772105,-2.2096577,0.2762942,1.1506305
SSBP2,-0.51906365,1.6396997,0.08636533,-0.35959753
AKAP8,-0.9348652,2.8269215,-0.593253,0.94149315
PDIA5,-2.1787193,-0.2857938,-1.2643626,-1.02599
RAB11FIP2,0.48611167,0.75488675,0.53787494,3.9134572
RAB21,3.6261075,1.7913318,0.8029534,0.5358909
LYRM1,-1.3401083,-1.8216733,-2.0776112,-1.7435236
RAP1GAP,-0.43989635,1.4990791,-0.4748712,2.3631787
TCEA2,1.4911623,0.06397234,1.6006331,2.2310746
NFKBIE,1.9727743,2.660083,1.7437594,1.6329291
MRPL12,-3.1657968,0.28658143,0.16582313,-2.613434
ATF6,-0.95404845,-1.6922991,-1.4486594,0.47647497
CEBPD,1.3028697,1.7156669,1.4589336,1.0581226
GNB5,0.34211725,-0.8988337,0.31886864,4.397712
DUSP4,-0.8589232,0.95528454,-0.8299599,-0.32600248
CEBPA,-0.9866102,0.028466001,-0.3564367,-1.224386
WASF3,-0.9073948,-1.1671994,0.37417686,-0.84958917
PRKX,1.7368789,0.76359296,1.2403358,1.2641762
SLC5A6,-0.32669884,-0.091885164,0.67127734,0.59531987
MAP3K4,-0.83640933,-1.6076481,-0.42679805,-1.5195956
AURKA,-1.8527337,-0.75938505,-0.34486014,-2.4546025
CCNH,0.68759805,-0.07011795,-0.2869761,-1.890424
TESK1,1.7071918,-0.21984716,1.4678926,2.126914
CDC45,0.27121958,-1.5991926,0.7873565,-0.885221
FOXO3,0.013052747,0.17372061,0.5923632,1.2959939
ENOSF1,-2.5426428,0.0887067,-0.77494264,-0.38857836
IFNAR1,1.704896,-0.099009946,1.8465426,3.5073009
CDK2,1.3369334,-0.86333793,1.1660786,-2.2878387
ELOVL6,1.5359036,1.9067922,-0.24759337,1.2741508
PMAIP1,0.35615298,0.98984534,-0.12544066,-2.1520333
PIK3C3,-0.6451833,0.44796926,-0.63059574,0.76224196
CREB1,-0.51812905,-1.2972957,0.57846916,-1.4234686
PIK3CA,2.122335,-0.004628696,1.468434,1.4449625
GSTM2,1.2644732,-0.5803761,-0.28533638,-0.29058656
FOSL1,0.54617876,0.47866273,-1.3737504,-1.1073093
FZD1,1.9456757,1.352791,1.2093914,1.8874081
PLA2G15,-2.724616,0.636717,-0.8105789,1.8979824
SNCA,-0.045029193,0.4067284,0.247442,1.0889199
MMP1,2.3120444,3.741272,1.3300191,1.0803266
PIK3C2B,1.1989756,-0.76227677,1.6825289,-0.5268172
CD44,2.434867,0.38366055,0.4494323,1.8302754
DPH2,0.33484265,0.32753712,-0.44079107,-1.3446312
PPIC,-1.1264997,-1.093502,-1.3309697,-2.979361
BRCA1,-1.7932442,-0.09657606,-1.3092835,-2.7942634
ST6GALNAC2,5.3447547,0.03875044,-0.03552229,0.8417461
IKBKE,0.18876116,2.7797472,-0.061144754,-0.3858295
FGFR4,1.1994193,-0.45709395,0.8727493,2.0940118
SLC25A14,1.806788,0.065580994,0.2750093,-0.22986126
CGRRF1,-0.54250205,2.3131542,-1.1405262,0.58585215
CCDC85B,-1.6106083,-0.3078462,0.9553721,-0.2659539
ACD,1.4880406,-1.1694677,0.4688371,-0.6154016
TFAP2A,1.9523723,0.3671995,1.0923386,2.0245361
SHB,2.2388802,-0.54292357,1.0016886,1.3184785
CCP110,-0.6097697,0.1811276,0.3347887,-1.4639813
KCNK1,0.7201334,4.193038,0.68534136,0.47082767
CDC25A,0.23071134,-0.32829928,-0.36944404,-1.4420648
KIAA0753,3.3610952,1.436182,1.6350704,1.3934069
NCK1,-1.267571,2.1220727,-2.5852451,-1.595534
STX1A,-0.8570561,-0.078182444,-1.4119914,0.18394108
PTGS2,3.4331057,-1.1300211,-0.36467594,-3.2781668
MAP2K5,0.23953675,0.5819659,0.050060973,2.067332
C2CD2L,-0.42151648,-1.4303176,1.3901346,-1.7421733
USP6NL,-0.42250478,0.84096384,-0.7771511,-0.32362753
FAS,-0.52926487,-0.68498427,3.0405445,-0.90480363
PPOX,1.7983816,0.572832,1.8995512,2.2542238
TMEM5,-0.23909384,0.01845777,-0.68969655,-1.2778972
CLPX,-1.0504684,0.005149961,0.6382274,0.092855245
ZW10,-1.1355097,-0.5068029,0.2591841,-0.87646955
MELK,4.9951262,-0.66023934,-0.15509802,-3.1206274
CCNF,0.24087615,-0.38985875,0.06387066,-1.1267444
RAD9A,-1.6036417,-1.5441401,-0.37802714,-0.5514282
TCFL5,0.2613421,-0.4664868,-0.5244253,-0.4037999
ZNF274,0.19145049,0.27927464,-1.7156851,-1.1915206
ICAM3,-2.0966036,-0.5154292,-2.103155,-3.4788196
DDX10,0.4076724,-1.5313784,-0.5885725,0.9297777
TRAPPC6A,0.46965098,-0.30834544,1.431905,1.9823465
CDK5R1,-0.22475523,-0.76618594,0.13594592,-0.15776482
ATF5,-0.04495585,-0.20036954,-1.3223917,-1.2979046
STAT5B,-2.819289,0.7726339,-0.84884965,-1.9685717
CCNE2,0.78700876,-0.31277105,0.1641252,-1.747814
LSM6,0.054862767,-0.5139792,-1.1409247,-2.5822964
IKZF1,2.2016816,-0.9645864,1.0903127,0.6015702
CENPE,2.559871,1.6233249,-0.43753695,-1.387397
KIT,0.113104284,-0.18769214,0.50381947,-0.3422062
ITGAE,0.7623408,-0.11174993,0.48458874,-1.3759456
IL1B,2.249733,-0.56173515,0.6843908,0.7164273
ORC1,2.1832464,0.96976435,1.4360889,1.914449
MAMLD1,1.0847809,-0.19309844,-0.41655055,0.5995185
SGCB,1.1168905,-0.47971794,0.9977039,-2.0855503
MOK,1.1471423,4.910207,2.2958333,2.3287697
CD40,1.7928103,1.6755738,1.3936505,1.5611789
PEX11A,5.418241,0.8617358,0.98222125,3.6212268
CLTB,-1.4990965,-3.3580067,-3.1811879,1.1615012
CD58,1.9443438,1.8450962,-1.1839464,2.8694453
PLS1,0.046178162,1.8658063,-1.0010645,2.7853754
PCMT1,-0.59010804,-0.10825235,-2.2992554,-2.8638842
RELB,1.1446033,0.047816038,3.1096587,0.70164824
GNA15,0.49625668,0.45700043,0.87192523,0.90141
INPP4B,5.3127804,-0.42366052,0.081643686,0.14178562
CBR3,0.19081637,0.15732932,-0.16292787,-1.7995491
CHEK1,0.48409528,1.2029839,-0.3484751,-0.7416292
SMAD3,-0.30112332,-1.0167766,-0.64526284,-0.3710486
DAG1,-2.4252176,-0.2058011,-1.4683256,-0.8602257
PHKA1,-1.2794682,0.57897043,0.71041685,0.47415215
FOXO4,-0.5386189,-0.6327609,-1.2255807,2.9529996
PIGB,0.063504666,3.0577888,0.71537375,-0.4865731
PDGFA,-0.3449975,-0.22226894,-0.18447103,0.61015135
CASP10,3.0061638,0.080049485,1.3470681,2.0491729
GHR,0.31263977,-0.7415779,-0.0758245,1.107637
C5,2.4087696,2.8826907,0.9166571,3.6360598
BTK,-0.3018143,-1.031383,-0.34250003,-0.4278319
RPP38,0.47728014,0.53435427,0.6365176,0.27235967
SNX7,0.9918681,-1.2276773,0.89226484,1.1664958
NOS3,3.6668525,0.4623708,1.0874346,2.903696
SCYL3,-1.2019207,-1.0790333,-0.54083586,-0.64163244
ALAS1,2.7246552,0.95444685,0.83254594,1.2441125
SYNGR3,-1.1247721,-0.8214327,-0.9327118,-0.4078325
BPHL,0.01870048,-0.492285,1.0396824,0.8928282
POLG2,-1.4787493,-0.7671348,0.15901913,0.92429674
NOLC1,-0.4861747,0.6850816,0.6704705,-1.6095018
NFATC4,3.4573226,0.94596,1.8424442,1.8157796
CCNA1,2.864851,2.6685495,1.3094627,2.6140609
POLE2,-0.10600005,0.25159243,-1.2162807,-2.3820968
DNAJA3,1.8876202,0.34520707,1.1825635,2.7849975
FOXJ3,-0.38097548,-0.12173563,0.17724071,-0.16708426
RNH1,0.16030475,-3.1908135,1.2322787,1.26019
RAD51C,-1.8014548,-0.003394589,0.9370817,-1.6494188
EPHA3,1.4047092,-0.52340114,1.185107,1.5813999
PRKCH,0.03413336,0.9346781,0.5094575,3.8578415
FUT1,2.4325633,0.34093678,1.2179208,4.078741
ADRB2,-0.9674951,-0.13143575,0.2671345,-0.06340256
GABPB1,0.07398749,1.3560004,-0.053437293,-1.5379324
EGF,0.38597524,1.0444274,0.100716054,-0.85454273
KIF14,0.120782375,-0.066094756,-0.3804244,-0.6244102
ETV1,-1.8602399,0.29797667,-1.7370887,-3.6844468
CSNK1A1,-1.785449,0.5595306,-0.9254655,-0.019444644
MAP4K4,-3.1662188,-1.4822376,-0.28002727,0.20366958
GLRX,-0.88151485,0.45417842,-0.6149413,-0.6542128
PTPN6,-0.622394,0.38296697,-0.90060735,-0.34791094
CPSF4,0.6846174,0.64932215,0.49891937,-0.1839518
LPAR2,1.7375739,0.32741904,1.1711525,1.4799922
DFFB,1.1959534,1.1247499,1.1905926,-1.0382001
SLC35A3,-0.23013306,-0.26665184,-1.106781,-1.6215215
HDAC6,-2.1665297,1.6944463,-0.21245047,-0.16679081
GLI2,1.4436463,-0.056505337,0.6532819,2.9655132
CDKN2A,-1.201886,0.2983138,0.11753851,1.2471167
E2F2,2.4587333,0.4472863,0.8780346,0.8552282
CDK6,-0.9286771,0.15871322,-0.7068588,0.048668772
AKT1,-1.1134827,0.6838588,1.2443691,-1.7513167
CASP7,-0.9950594,1.9542291,0.24144793,-0.6223419
TNIP1,-1.8548615,-0.022514679,-0.38747752,1.3543717
TERT,1.9438717,2.9274323,1.1930343,1.0790303
PTPRC,2.2167044,1.4720126,1.4922407,1.9156699
TGFBR2,0.005558917,-0.70627606,-0.23070526,0.7140747
NFATC3,1.8195246,0.74829274,0.9281452,4.088753
RAC2,0.07442182,0.3112828,-0.6910285,-0.7931649
POLR1C,2.7296963,1.9207633,1.4328973,-1.2347339
NFKB2,2.2488265,0.06675175,0.89975077,-0.2717657
SYK,1.735614,2.8366294,0.8871441,1.1541268
CASK,1.0061636,-0.15463163,-2.0012367,-2.0770037
NCOA3,2.1779385,0.40654862,3.835367,1.3671438
PSMD9,-0.4821899,0.09710829,-1.55603,-0.9235662
PROS1,-0.9882426,1.530491,-0.28817105,-0.9784802
CASC3,-0.9485767,-0.21161696,0.65303487,-0.04048997
MUC1,-0.72425914,-0.62406754,-0.17638913,-0.39967203
ST7,-0.43740392,-0.16909425,0.3658312,2.337781
NVL,2.421881,0.087979816,1.9811902,2.8258715
MEF2C,1.5876203,2.983238,1.0786586,1.762864
CHP1,1.2439872,1.299508,1.2531074,0.9919563
HMGA2,-0.43326515,-0.35460186,-1.1245564,-0.06914133
CASP2,-2.1015213,-0.568755,-0.27362034,-1.3999693
LSR,-0.1685682,-0.95127165,1.4880366,-0.1352976
MALT1,-0.004934132,-1.3977611,0.9723255,-0.25733128
TBPL1,-0.7465029,-0.81521636,-0.8413973,-0.5244508
CTNND1,1.6111125,0.3583547,1.2718121,1.4236653
CIAPIN1,1.2845463,0.12090096,0.8149611,0.894233
BAX,1.5058166,-0.48565802,1.2028201,2.7369785
PPARG,0.63201773,-0.53299254,-0.63391477,1.281652
SPTAN1,-0.4959091,-1.7487074,-0.03592214,-0.5908373
EIF4G1,-1.4620328,1.3781958,0.8208234,-0.074794605
VAT1,-2.1020904,1.0192783,-0.4598455,1.2500335
MACF1,-1.8152142,-0.42695874,-0.8102201,-0.7050028
PARP1,-1.9123434,-0.032987103,0.61910754,-0.9958979
FDFT1,-0.50052345,1.5602243,-0.86435544,4.049185
HSPA8,-0.7229263,-0.20221116,-1.0235454,-0.8914328
PDLIM1,-1.8385615,0.002946377,-0.10262346,-1.5460508
EIF5,-1.202261,-0.45873237,-0.46174836,-2.5498278
CCND1,-2.1247296,-0.30828375,-1.2120107,-2.1580276
TMCO1,-0.613162,-1.1816645,-1.6017238,-3.2845356
OXA1L,-0.3145367,0.04687222,-0.07266393,-0.052700456
CDC42,-2.1287198,-1.4696422,-0.5652067,-0.8362132
TSC22D3,-0.9695603,0.63470477,-0.56429857,-0.60493684
PTK2,3.6759973,-1.1027017,0.15372849,-0.23397088
ADH5,-3.0479178,-2.7587237,-1.6167386,-3.684811
REEP5,-2.6386807,-0.7207256,-1.6720113,-4.0183573
DUSP6,0.7483033,1.4248759,-0.52494955,0.6686521
HLA-DRA,3.1821146,-0.13824491,0.9096199,3.7443838
ATP6V1D,-0.90263987,-0.79089737,-0.9774437,0.6916212
CYCS,0.36839506,-0.13265455,-1.2724155,-3.1430144
CAST,-3.73988,1.1330796,1.266727,2.3317046
LGALS8,-0.52869654,0.25804758,0.1694861,3.844895
BECN1,0.58432084,1.8513163,-0.5309657,-0.60547394
ALDH7A1,0.4389066,-0.07023054,0.49261206,2.199324
STAT3,-2.413016,-0.09965241,-1.1749878,-1.9987869
DNAJB6,3.020609,1.1088325,0.9023766,1.1973927
COPS7A,1.1053503,-1.1179838,0.018951464,0.23830909
PSMB8,-0.98957217,0.021319628,-0.4519434,2.8899965
XPNPEP1,-1.3849547,2.4237452,0.15843925,0.06201446
RALGDS,-0.29079664,-2.8052506,0.5071467,0.7308496
CORO1A,1.4230347,-0.17967284,0.5254006,2.4470167
GLOD4,-1.9257793,0.1604025,-1.0275364,-0.099990785
DLD,-1.5452071,0.33120906,-1.5457357,-3.1165972
IFRD2,-4.311727,-0.18667907,-0.901,-0.32146886
TSPAN6,0.6340124,2.0921943,-2.2556138,-0.50977945
CDKN1B,-0.8540284,-2.3115807,-1.0620403,1.1016402
PRPF4,0.20932603,0.50661224,-3.1584156,-2.937135
CYB561,-2.3880682,-0.5143722,0.6633214,-0.3873846
MAN2B1,-1.3361394,0.23139322,-0.73617595,0.90275496
MBOAT7,-0.38537866,-2.469896,0.76836467,-1.1504235
FOS,1.4564548,0.64612967,0.26821077,0.20667928
TUBB6,0.40404576,-0.012193054,0.74748236,2.0697582
CBR1,-0.23082674,1.7890106,-0.023334444,0.0684216
MFSD10,-0.56256294,-0.8981439,-0.41661894,-0.047023654
SORBS3,-2.0911918,0.52242917,-1.4359725,1.3134345
SMC3,1.3035706,0.24015447,0.49728256,0.7286587
SFN,-0.5294051,0.17424159,-0.92892146,1.5462203
NR2F6,1.1909308,0.6387014,1.6992371,1.1093643
TSPAN4,-1.0844057,-0.51297784,-0.5305096,0.5594548
GADD45B,0.73753357,-0.2347829,0.07886806,1.9309409
PSIP1,-5.830575,0.010675222,-1.2756059,-2.3968763
IKBKB,3.1681423,0.6637273,0.12349318,1.6833248
BAD,-0.75288093,2.8708243,1.0277977,1.1911529
STXBP2,0.52257305,-1.3910221,0.29445112,0.12637621
ABCC5,0.93279403,1.9048884,0.27557296,1.3788075
KIF2C,-1.1011617,-0.26397213,-0.6225774,-0.70358026
GRB10,1.3399308,0.3170872,1.196327,1.457093
ARHGEF2,-0.24798399,0.37510693,-0.58571965,1.8643167
AURKB,1.3723471,-1.1636788,1.7281749,0.020188091
MKNK1,2.9714804,0.9360889,1.3480289,1.4167202
RPA3,-0.4331252,-2.5463088,-1.4321221,-4.2198696
RAB27A,1.2322245,4.3318906,1.3067404,1.9704572
HDGFRP3,-1.0348678,-1.5369442,1.6804136,0.12511706
GSTZ1,0.42040628,-1.0013878,0.49013555,-0.36011577
RRS1,-0.22893496,0.394467,-0.27076843,-1.8963332
EED,-0.3026323,0.41045856,-0.53962564,-1.1531835
GNAI1,-0.07262607,-0.7432052,-0.2920025,-0.10196948
PRUNE,-1.2193997,-0.49550545,0.28195003,-1.8905617
EPHB2,1.8879284,0.71887875,-0.17386939,-0.7364517
GATA3,1.0705032,1.4982553,0.5829997,0.38835454
ACAT2,0.9075131,1.1056535,-0.68644464,1.6688087
PAK1,0.90668464,-0.17580706,0.27382058,0.4965038
CETN3,-0.9990653,-0.16599327,-2.1309283,-3.2720747
CBLB,-0.70729065,-0.10804528,-0.99293816,-0.34835988
GATA2,-1.451642,-3.2055492,0.7093807,1.336854
TGFB3,1.172143,-0.6931379,0.55473167,1.5154214
CXCL2,-1.674957,-1.5645729,-0.84866226,-0.047798187
HIST1H2BK,0.83868384,-3.430575,0.06976817,-5.282757
ANXA7,-2.00724,-0.009033233,-2.8001242,-1.1329405
SPP1,-0.5650579,4.1719604,-0.21503703,2.5903022
PUF60,-1.5257953,-3.4803984,0.09771876,-1.8542688
CFLAR,-1.7686371,-0.8308528,-0.17425139,2.0241613
PRKCQ,1.2787553,2.4260042,1.1795583,1.3281595
MAPK13,0.18286434,0.92545295,0.27950692,1.4779589
FYN,0.95579123,-0.081728384,0.3434826,0.095853895
RPL39L,-0.19205548,3.177033,2.5838242,-0.1660093
PLA2G4A,1.066653,0.22113441,1.5297508,1.8942391
DYRK3,1.090077,1.1691653,1.8399327,1.6338685
ME2,-0.98512286,-0.8951415,-1.2927351,-2.0723083
ACLY,-2.1495583,0.73730075,0.57008857,0.18864197
CHEK2,-1.6437124,0.74811614,0.0337916,-2.5622916
GPER1,1.6667048,-0.23064063,5.166804,4.042759
HMG20B,-0.065730244,0.16759229,0.9395393,-0.1295356
LYN,0.62488073,2.2715468,0.23680927,0.47856265
GRB7,1.620574,-0.63522035,1.7478633,1.6504781
DHRS7,-0.27905753,-0.16291904,-0.75215536,-1.2579875
TPM1,-1.1623261,-1.1897997,-1.2539046,-0.7528044
HSPA4,3.1459856,0.26857394,1.5043795,0.07988489
MLLT11,-0.4396956,-0.66618276,0.24266067,0.4951659
CDK7,0.6472679,0.80648386,-0.359286,0.08300954
RAE1,-1.0785556,0.107221946,-0.3303192,-0.35852787
BMP4,2.6300664,2.0617073,1.4464965,1.3371036
BDH1,-1.6984802,0.82251096,0.004772991,-1.559384
BID,1.4014778,0.7517773,1.326286,0.75853026
BLVRA,-0.5290004,0.88693756,0.03704709,-0.43556845
LSM5,-0.0478947,0.62958,0.07780786,-0.66620404
TXNDC9,0.68510675,0.37310216,-1.5314891,-0.566055
MTA1,-2.8509946,-1.652752,-0.15512426,-1.2308913
CXCR4,1.3532008,0.63521016,0.9255579,1.5601313
COL4A1,1.8072432,0.27128652,-0.22344822,2.040882
RNF167,-5.6481314,-1.1346072,0.057591714,-0.2823725
WIPF2,0.08145775,1.0776993,0.13274397,1.0655124
TBC1D9B,-1.475285,-1.0619736,-0.18003541,-2.1775298
ADGRG1,0.63107175,1.2169955,0.42230105,0.8916317
HN1L,-2.5442698,0.32988894,-1.1922883,-0.9040284
ZMIZ1,0.24083978,-0.61816776,-0.73662496,-0.090275645
PDS5A,-1.4735962,-0.43990105,-1.4159887,-0.63478154
IGFBP3,0.06281486,-0.55866593,0.5023199,1.7594101
XPO7,-0.66807485,-2.6883318,-0.7163235,-1.6743187
CRKL,0.5243398,1.0881948,1.1978011,0.2985538
COG4,-2.1836884,0.3035264,0.3772424,0.83744514
H2AFV,2.372787,-2.4147694,-1.0930403,-2.3605406
FBXO21,2.7548018,-2.0589023,-2.240151,1.6629541
ATP2C1,-1.0113215,-1.1920129,-0.93585414,3.6185403
TMEM97,-0.74904174,-1.2424521,-0.40757152,-2.212263
SUZ12,-0.0764,0.78828466,0.3626864,-0.48749655
TXLNA,-1.7766385,-0.42258114,-0.4481044,-1.8556871
TFDP1,-0.6903535,0.09688334,-0.17116316,-0.89782906
VGLL4,0.8196432,-2.658055,-0.46441767,1.4693024
UBE3B,2.5485368,-1.5503379,1.6673003,-0.9757599
KIF1BP,-0.35966918,-0.24608111,0.29242754,0.21466158
SPRED2,3.930444,-0.9182499,1.2140434,1.3505112
KAT6B,0.12676826,-0.70016986,0.30779535,-0.46911746
GPATCH8,-0.37630975,-0.9333597,0.3475008,-0.47267872
ADO,-0.12425007,-0.028208002,-1.5621445,-1.5532085
ATP11B,0.1819614,0.19957374,0.5625207,2.9999895
ZNF451,0.4699855,-0.1860802,0.23919803,0.6502336
RBM34,-0.95355344,0.69117904,-0.9552617,-0.9759035
ARID5B,1.2248048,0.582916,0.44402614,3.2033186
CHN1,1.6394439,0.60582006,1.0738883,1.1533825
MAPK1IP1L,1.0565355,0.7177653,-0.010326475,-1.2237544
DHX29,-1.3613524,0.022207692,-0.48079827,0.4702757
JADE2,-0.5988698,-0.8025296,-0.7646454,1.1173817
TIPARP,-0.3547804,0.15516776,-1.4111164,-0.48800817
KDM3A,1.2156757,-0.03079743,-0.394202,0.9309045
PCCB,-0.7217217,0.6593198,-0.23470584,-1.4064412
PLEKHM1,1.4936643,0.4426993,1.2648916,2.0373058
JMJD6,-0.6591999,-0.024925878,-2.9942546,-2.1296062
PIK3R4,-0.30124193,-1.2762041,-0.18131074,0.1596557
CAMSAP2,1.3790234,0.7922807,1.5109376,2.353737
KIAA1033,-2.244125,0.50923204,-0.3210881,2.5765243
SLC1A4,-1.9994986,0.056789488,-0.28920472,-0.56879634
ASCC3,-1.9750113,-0.46344566,-2.6478689,-4.584438
SLC25A46,-0.43330956,-2.4762821,-2.236845,-1.3470411
RRP1B,-0.24925214,-1.6728928,-0.45872426,-3.1805272
AXIN1,1.701729,0.43243837,1.1129812,0.19873613
DCUN1D4,-1.5337874,0.4635735,0.11548674,-0.7770653
MAPKAPK5,4.9872828,4.683976,0.1470761,-0.10001902
C2CD2,-0.07213543,-0.1693576,3.1169262,1.780647
WDR7,1.36324,0.9671659,1.1809571,3.3358126
SUPV3L1,1.3778166,0.6946036,1.632091,1.8584719
CDK19,-1.0946862,-0.77744806,0.095034316,1.7728074
THAP11,-0.22174108,0.49178097,-0.1055195,1.3646991
C2CD5,-0.24907498,0.122517504,-1.0401938,-2.114581
POLR2I,-2.0810637,-1.3636628,0.113376096,-0.3105516
RFNG,1.6473529,0.35556245,1.5939577,2.1571867
RPIA,-1.1517215,-3.4280689,-0.5106693,-0.70592993
TLK2,-0.023935437,0.15442209,-0.16456547,0.46330628
TIAM1,4.518539,3.4432883,0.55153805,0.67844206
HOXA10,0.69205636,0.90284026,-0.48301825,-1.1473143
COG7,0.50543,-1.0547272,0.5195429,-0.67507714
TICAM1,-1.4346199,-0.1273506,-0.59843457,1.3539127
KLHL9,-0.50673914,-0.6692356,0.46605438,-0.56787056
SNX13,3.1740956,1.3269372,0.381271,1.5970292
SRC,1.9291298,-1.014626,-0.14757429,-0.31772715
GDPD5,0.8891774,2.458622,1.5092717,1.1769907
PLCB3,1.5731087,-0.14578609,1.5162249,2.745604
TBX2,4.8648047,0.06287543,4.5717864,1.6700488
APBB2,4.4262314,-0.09011808,0.6328604,1.6263599
FCHO1,2.5936537,-0.15145597,0.93436885,2.1163397
FAM69A,3.1939895,-0.17925645,1.8287184,1.7176555
ASAH1,-1.6408684,1.1487439,-1.1000645,-0.6001669
SMARCA4,-1.3414932,-0.24625756,-0.68581384,-3.7230654
SOX2,2.4668138,1.8254957,1.288388,1.9397676
HOXA5,0.93503565,0.994063,0.6415087,2.3372495
TMEM110,0.6189716,1.1065507,0.45181182,1.0345457
ATP5S,-0.84756136,-1.2990019,-0.75294507,-1.1112493
TBC1D31,0.8372047,-0.42368415,-0.026827656,-0.9285191
NFKBIB,-0.78079677,-0.891927,-0.94707817,-0.8632573
CTTN,-1.8937862,-0.9524578,-0.8635403,-0.7039428
PARP2,-1.0382775,-1.9817342,-1.221184,-4.1168323
AKR7A2,-4.8645897,-3.1454582,-0.44700634,0.32664466
ACAA1,-1.3990561,-0.18547791,0.061573558,-0.9109242
SPDEF,0.34906083,-0.12404035,0.15605526,0.6106881
RALA,-0.40095246,1.8380488,-2.5547328,-0.23173147
ETS1,0.8824953,0.79726076,1.051051,2.538539
CCNB1,1.6932764,-0.4098704,1.0099142,-0.7665204
ZNF131,1.2510897,0.38067576,0.5697179,0.8197706
FEZ2,-1.0185901,-1.2307494,2.317162,-0.78713334
NSDHL,8.289642,0.40852872,0.8943074,1.0712438
DNM1,1.7533128,-0.021008074,0.4121961,1.7168896
UBQLN2,1.1048095,2.9004104,-0.16838622,2.2721972
MAST2,0.39300582,0.6360207,0.63373715,1.4373391
TRIM2,3.7341752,0.76947427,1.2449807,2.3624449
IGHMBP2,-0.8638456,-0.90667975,0.6645271,0.363177
NR3C1,1.2717247,-0.13145918,0.106753886,0.18766248
PPP1R13B,1.9857017,0.82082826,1.7764119,2.2126048
CCL2,2.3401825,0.84050643,-0.12668687,1.2862264
ERBB2,-0.67300844,0.6019489,0.056256965,0.3417322
RRP12,-5.181921,-2.2434516,0.10441974,-2.591373
HOMER2,0.8922713,-2.7415526,1.2166406,1.3505497
VDAC1,0.51340216,-0.16433208,-1.3768075,-4.240636
HERPUD1,0.2441999,1.2982028,-0.03272412,3.0167937
GAPDH,0.0,-0.027418643,-0.89934003,-0.36454865
HLA-DMA,-1.7376653,-0.1383477,-0.5727423,2.4064565
IDE,-1.4215593,1.9060624,0.2991863,-1.4609628
NGRN,-0.44970378,-0.33481538,-0.11004237,-1.5625513
CNDP2,-4.9281282,-0.056019917,-2.9422798,-1.0934099
TM9SF3,-0.24520768,0.38757303,0.9421339,-0.48266733
ADI1,-1.9088719,-3.1550672,-1.5779233,-0.10415858
RAB31,2.3871865,0.6173676,0.8845757,1.938163
TMEM50A,-0.9698632,0.66390824,-2.4887621,0.13905823
HACD3,-0.8502197,-1.259267,1.104275,-1.6780362
YKT6,-1.3589678,-0.7902852,-0.5040916,-1.9737954
SNX6,-1.4619577,-0.16748935,-1.2560087,-0.07169434
BZW2,-0.15238464,2.0689836,-1.4492102,-2.3074107
UBE2J1,0.5870038,0.87800217,0.44056654,4.592662
EVL,-2.445767,1.7914718,-0.5521229,1.0515852
BACE2,4.383926,-0.67155755,-0.6331543,3.83977
MIF,-5.083728,-0.24933584,-3.2027853,-1.754891
PIH1D1,-0.47864604,-1.1398444,1.1025596,-0.84910583
CAB39,-1.5309415,-2.5963016,-0.25001603,-0.105000764
IARS2,-1.5218401,0.28651208,-4.7895308,-0.9981051
DSG2,-3.419388,-2.9775887,-0.9107125,-3.7896736
KLHDC2,-0.24094899,-1.1957322,-1.411572,-0.053219438
BAG3,-3.3970852,-2.0693514,0.9127652,-3.0057771
CNPY3,0.7962655,0.44922465,0.5441719,0.6013203
LAP3,0.8061822,-0.7926092,-0.02595231,-3.3042665
STUB1,-0.5700232,-1.4090432,0.7486105,-1.7394577
NOSIP,1.784755,-0.17136002,0.54669476,0.42795223
ENOPH1,-5.092635,0.18999411,-1.4056437,-1.7927649
HSD17B11,1.850227,0.56840163,0.117253006,5.635596
SQRDL,4.3069954,0.67696124,-0.08719391,4.0195637
MRPS2,0.5035416,-1.7236327,0.38658652,-0.44171402
NUP85,-0.096472844,-0.34145918,0.48354375,-0.9354464
FIS1,-0.09065379,-0.008942286,-0.2499341,0.17522834
NUSAP1,-0.25223953,-0.4696885,-4.061351,-3.082932
MRPS16,-2.8121428,-0.034204558,-1.2778139,-3.4485905
UFM1,-1.2666025,-6.74942,-2.8640463,-4.9814634
NT5DC2,-1.3762789,-2.0357647,0.10817625,-0.19378287
AKAP8L,-1.4342866,-0.32618377,-0.8002759,1.2779257
NPDC1,-4.0103354,-0.61625105,-0.015078589,1.9182949
ANKRD10,-0.55123293,-1.9036219,-1.1236765,1.9292468
DERA,0.29710978,-3.058333,0.062823474,-1.9227879
TEX10,-0.76346606,1.1269294,-0.19231974,-1.6206833
UBR7,-0.9471522,-0.17469266,-0.78691494,-1.8843577
TMEM2,-1.0252271,-0.67667305,-0.3003248,-0.44830495
TRIB3,0.1746459,1.0161699,0.7550558,-0.2659135
ZNF395,2.0195527,0.6864734,1.8145105,1.4950321
ADCK3,-2.0029562,-0.9562719,-0.3401682,-0.09822193
ISOC1,1.9546349,0.31776243,1.2656586,0.93896496
CCDC92,5.1245275,-0.5863756,0.38675848,1.8668238
GOLT1B,0.94448197,0.2639733,-0.74238765,-0.85538495
SCAND1,0.82698065,-3.510421,1.7726895,1.4390116
NR1H2,1.6840522,4.603586,1.4724457,2.041081
TSKU,-0.7857373,-0.78888154,-0.8172865,-0.3000508
ZDHHC6,-1.067879,-1.1308627,-0.58708096,-0.9329301
PLEKHJ1,0.27663606,-0.47568697,0.76422465,-2.7999988
PRKAG2,0.6897514,1.0232193,-0.6469718,-0.52129257
TIMM9,-2.7174175,-3.6664677,-1.4043919,-3.8753245
SESN1,0.14562118,0.92074096,-0.49721637,0.9744661
GMNN,1.9058638,0.11405112,-0.33080173,-1.9967849
CRELD2,0.5266295,0.600774,2.1293857,4.813227
NUDT9,4.4860096,-0.06104386,0.053063534,2.3169365
CDCA4,1.4415189,0.5412648,0.9308171,-1.5641023
NENF,-1.8286929,0.89482653,-1.8260319,-0.917372
CERK,2.281077,1.2477044,0.7835157,2.5249095
DNAJC15,-0.84569764,0.66827685,-0.49766165,0.34158787
HEBP1,-0.38980857,0.7014767,1.270818,0.57514536
DNMT3A,1.1687438,0.42950264,0.36210334,1.815829
KCTD5,0.411466,-0.28864682,0.30680498,-1.367006
ERO1A,-0.8751207,-0.30048835,-0.9334619,-1.836034
CD320,-1.262027,-0.7739924,-3.9333544,1.2991843
DHDDS,1.0493094,4.150314,1.3746719,3.5984676
CHMP4A,-2.2811055,-0.54502463,-1.4305025,-3.170239
ABHD4,-1.6798505,-0.51712596,0.24886209,0.109546244
TCTN1,2.481596,1.0531406,0.7867812,1.0579916
HEATR1,-1.6859014,0.02802825,0.04858169,1.5430576
CISD1,2.2142491,-0.5642204,0.51422393,2.097144
SUV39H1,-0.3239759,-0.79288566,-1.4973186,-2.1425347
VPS28,-1.0372729,0.96086943,-1.0390208,1.788779
EXOSC4,-0.13978477,-0.5934272,-0.07642925,0.002282888
NARFL,4.310467,0.12525034,2.3758535,1.6420109
CHMP6,1.1327852,0.48828954,0.8979167,3.3688147
PACSIN3,0.7273886,1.034589,1.1805171,1.6433622
KIF20A,-1.0579107,-1.2533067,-0.52160686,-2.6179447
HOOK2,-1.1587839,-1.0646223,0.10321793,2.1601746
TXNL4B,1.9880759,0.45066607,1.1549517,0.9849173
VAV3,4.897653,1.5149642,-0.4254965,0.7704431
SLC35F2,-0.577191,0.12851731,-0.44663796,-0.039496124
DUSP22,-1.4191864,3.5372515,-0.90662193,1.8504633
IGF2BP2,0.9572533,0.92044467,0.03879562,0.029554337
PPP2R3C,-4.2220798,-2.6504014,-2.0072293,-2.0407145
TNFRSF21,2.1669912,0.65393615,1.6417786,2.5227146
FAM57A,2.0794775,0.09043443,1.1578379,0.033595532
NOTCH1,4.761972,-0.30281612,0.7653738,1.4145331
ANO10,-1.8704455,-0.19397384,-0.65301645,-0.13670845
PNKP,-1.0337276,0.02582471,-0.007085264,1.1414076
EDN1,0.6262345,0.9023697,-0.10303083,1.8004198
FASTKD5,-0.037002683,-0.08775347,-0.094569504,-1.9726009
METRN,-0.5745447,-1.4930598,-0.009300463,-1.4655092
LAGE3,-1.4105619,-1.2957551,-1.6132056,-1.4495288
PXMP2,-0.6326432,-0.21933357,-0.74628013,0.9061229
AMDHD2,-0.713117,-0.83264935,0.2954522,2.3981402
PRR15L,1.9555392,3.1010597,1.522492,-0.339165
FSD1,1.2539332,1.4071784,1.2596459,2.2263546
TIMM22,-0.10283935,0.56602657,0.13089207,0.11086446
FBXO11,0.57902986,-0.32419512,-0.21757041,-0.9930891
RBKS,-2.0080132,-0.78457683,-1.2860329,-0.67523915
CHAC1,0.72699594,-0.81360793,0.39229465,-0.848081
MSRA,-1.5854087,2.2599926,-0.6187551,-0.09997964
HERC6,0.33406252,1.871378,0.423035,3.3223639
MTERF3,1.1473994,-3.4711225,0.9430382,-0.0785957
ADAT1,2.7873821,4.1270123,1.429142,1.0743616
FKBP14,-0.94064397,-0.3718632,-0.6528298,-1.7085106
PAK6,-0.031985343,-1.5586076,-1.1686563,-1.284692
PSMD10,-2.1942997,-4.8576813,-1.1689938,-2.7660954
CHIC2,-2.3295994,-0.6736415,-0.24484177,0.993761
LRRC16A,-2.915135,0.3355651,-0.6494119,-0.006695151
TSEN2,0.9501658,-0.37963384,-0.7503818,-1.8736498
ZNF586,1.7392833,3.1117911,0.73489404,1.3821795
PRR7,-1.7128439,0.7938421,0.58655065,-0.6200551
GFOD1,2.7716832,1.2209091,0.9853645,0.53091973
SPAG4,0.598323,0.031623185,0.3646837,0.5514161
MCOLN1,-1.2749467,-1.6418037,0.6957604,0.9830394
ZNF589,1.2833261,1.9446357,0.9199831,1.693502
SLC2A6,0.3819893,0.10004172,0.9859702,1.851274
MCUR1,-2.801055,-1.9989356,-2.4216156,-2.5126152
FBXL12,0.8168317,-0.14580745,1.073615,2.1221485
SNX11,-1.5069542,-1.1231649,-1.4274673,-1.155108
FAIM,-0.030479312,-0.22432196,0.32268307,2.0105693
GTPBP8,-0.3186034,1.0128754,-1.7120593,-0.28922176
TLR4,0.4055547,-0.81245506,-0.52129364,0.22491676
DENND2D,0.8489081,0.9589987,0.44116282,2.7586803
PECR,-0.7754499,0.7186065,-0.41177428,-0.56967455
ARID4B,1.0032626,-0.09148751,0.26884592,1.0158448
FRS2,-0.38197172,-0.55145943,0.6678933,-0.3446626
ITFG1,0.6345585,0.14311633,-0.8236452,1.2727656
BNIP3L,-1.430425,0.016232327,-2.7695189,0.11248398
ARPP19,-1.9852769,0.23855707,-1.8302493,-4.9356537
ATG3,-0.88628197,-0.21640646,-0.40479413,-0.6256838
UTP14A,-1.0750307,-1.3994801,-0.22227101,-1.0756938
WDR61,-0.18523833,-0.9594015,-0.8854872,-1.0771003
EIF4EBP1,-3.0144782,0.29583496,-1.9391493,-1.6452208
GRWD1,-1.411455,-0.22287089,0.024845004,-0.91702574
ABHD6,0.104899645,0.7036848,0.09438228,1.6692245
SIRT3,-0.91903555,-1.4185791,-0.66571957,0.43297264
NOL3,-0.5190991,-1.0976053,0.69960403,0.7929367
STAP2,-0.3420345,-3.075546,1.2525476,0.9710948
ACOT9,-1.3135226,-0.4746383,-0.61533517,-2.477229
CANT1,-5.242521,0.3172763,-2.5550165,0.016732812
YTHDF1,-2.0039506,-1.2555329,-0.9936369,-2.8950524
HMGCS1,-1.7061763,2.2299163,-0.46535748,6.300125
MICALL1,-0.5200483,0.124751136,-0.28789604,-0.52035713
FAM63A,-0.64787614,0.63072693,0.33377638,1.1705028
ATF1,-0.6433904,-0.038198426,-1.4018382,-1.178767
P4HTM,0.22735646,-0.8212081,-0.23438893,-0.34836206
SLC27A3,1.7228019,1.3180442,1.5827581,2.183407
TBXA2R,2.3906326,0.7720758,1.6425688,1.9267924
RTN2,0.44049138,-0.044377893,1.2226119,0.91088516
TSTA3,-1.6528833,0.58938843,-0.51603603,-1.4994414
PPARD,-0.28960025,0.46602696,0.23553029,3.471202
GNA11,-1.6134624,-2.528275,0.54181385,-3.7716897
WDTC1,-0.17356366,-0.17030081,-0.37404603,1.5944488
PLSCR3,1.1176871,-0.04359296,2.5062463,0.41920573
NPEPL1,1.2078308,-1.0929754,0.01683101,1.6633687
