x,11977753,5394,24856436,24964624,5311,11960529,387447
DDR1,0.9096,-0.4016,-0.59225,0.33735,-1.6491,-0.0656,-0.351
PAX8,0.7532,-0.1741,-0.5337,-0.75515,1.23975,-0.28485,-0.61340004
RPS5,0.34010002,-0.06220001,1.0082,0.93245,-0.37019998,0.38959998,-0.3454
ABCF1,-0.42865,0.5798,0.66220003,-0.57785,-0.9906,0.27109998,0.67574996
SPAG7,0.50005,-0.41985,1.0396,0.31475002,-3.7436,0.4537,-0.34455
RHOA,0.38189998,0.4447,0.4928,-0.7273,-0.3743,-0.1354,-0.2326
RNPS1,-0.73645,0.9256,0.934,-0.30964997,-1.0254999,0.2011,-0.6021
SMNDC1,0.82305,-0.4923,-0.56305003,-5.3239,-1.1433,-0.3996,2.1124501
ATP6V0B,-0.54545003,-0.15255,-1.0941,-0.65245,1.61595,-0.34724998,-0.89765
RPS6,0.33725,0.33725,-0.26355,-0.4664,-0.72995,0.0,-0.7325
USP22,1.471,0.24695,0.074750006,0.2674,-2.51205,-0.000200002,-1.5885
APP,0.5383,-0.75225,-0.08999999,1.1057,-0.18935,0.7076,0.36935
CLTC,0.32654998,1.49105,0.3031,-0.06345,0.58855003,-0.055700004,1.04415
MLEC,-0.26704997,1.0084,-1.05065,-1.2167001,1.142,0.46345,-6.27265
CSRP1,-1.7238,0.64945,-0.9418,-0.55910003,3.2803497,-0.09745,2.8107
CALM3,-0.62855,0.5618,-0.61265,-0.66415,-0.37755,0.76695,2.72925
PTPRF,0.29709998,-1.68045,0.55725,0.3294,0.136,0.64239997,0.56694996
DNAJB1,0.053850003,0.2212,-0.27865,-0.5463,2.4042501,-0.2107,2.7146
XBP1,-1.6722999,0.010799998,-1.0464499,0.3256,-2.9766002,-1.569,1.26435
GRN,1.12695,0.68985003,0.5116,0.58955,3.07395,-0.44445,-0.2749
HK1,0.14845002,0.96870005,0.29465002,-0.39175,0.7477,-0.19585,-0.6565
KDELR2,-0.97389996,0.38365,-0.12735,-0.93200004,2.1925502,0.09590001,0.025849998
SKP1,0.13499999,0.32345,-0.074999996,-0.18249997,3.45575,1.56845,0.38965
CAPN1,0.76375,0.401,0.52605,-0.66714996,-1.7695,-0.13039999,-1.4196
CALU,-1.5764501,0.86759996,-0.2104,-0.9885,2.86985,0.40235,0.1458
CTSD,0.2607,-0.32230002,-0.35355,0.63265,-1.2186501,-0.29405,0.18879998
MAT2A,-1.5918,-0.7349,-2.53475,-0.06095001,0.42834997,0.60855,-0.0727
STMN1,0.46600002,0.08765,0.52099997,0.5026,0.8696,-0.3471,-5.0136
ECH1,-0.64955,-0.6033,-0.38555,-0.57575,-0.23385,0.7701,-0.43725002
IQGAP1,0.44055,0.4676,-0.8186,0.1369,-1.896,0.2694,-0.861
HSPA1A,-0.60385,-1.04475,0.14955,-0.12645,-0.30445,0.31495002,6.4862995
HSPD1,0.24505,0.66595,-0.08565,-1.22925,-0.584,-0.352,0.26135
CIRBP,1.51365,-1.36175,0.6276,0.7907,0.27875,0.43479997,-1.9806
PSME1,0.5072,-0.007350028,0.1678,-0.41439998,1.11035,0.30830002,-2.1933
PAFAH1B1,-0.0995,-0.68875,-0.44175,0.47065,-0.9913,0.82395,0.8297
HYOU1,-0.24284999,-1.2657,-0.5596,0.21474999,-0.0882,-0.12254998,0.826
PSMD2,-5.65615,-0.08595,-0.17405,0.75555,1.2294,-0.8622,1.39675
EPRS,-0.41995,-0.7197,-0.7326,-1.051,0.46415,-0.6727,1.9667499
PSMD4,-0.11495,0.33375,0.6089,-0.74625,-0.70155,-2.36235,1.9113
PGAM1,-1.28005,0.91965,-0.5427,-0.86915,-1.0711501,0.1541,-1.5217999
STAT1,-0.75380003,-0.84265,0.051950008,-1.4830999,0.94155,-0.12665,0.2754
FKBP4,0.33725,0.0,-0.74469995,-1.6401,0.4063,0.0,1.961
KTN1,0.572,0.87315,-0.8261,0.9147,1.6794,-0.06459999,0.62265
TMED10,-0.1895,-1.4541999,-0.02080001,-1.8932999,0.16895,0.30285,-2.3403502
ALDOA,-0.35909998,0.97625005,-0.49535,-0.91630006,0.076300025,-0.64585,-1.0895
TSPAN3,0.81485,0.94715,-0.21724999,0.0416,0.94095,-0.23855,-2.82035
GNAS,0.16780001,0.1406,0.21065,0.08189999,-1.01355,-0.62715,-2.4246
HIF1A,-0.39055002,-0.31625003,0.23005,1.1663,-1.9837499,1.1152,0.90534997
AARS,-0.30775,-0.63295,-2.1363502,-0.06470001,-1.806,0.026649997,1.22025
RPN1,0.33725,-0.33725,-0.98759997,-0.1433,-0.94335,0.33725,-1.2491
PAICS,-0.81974995,1.31515,-0.027050002,-1.2397001,-1.3392,0.4639,-0.64965
BLCAP,1.02635,1.0167999,0.18075001,-0.77915,0.62865,-0.4828,-0.33394998
HADH,-0.3984,-1.0587,-0.75804996,0.2503,0.66685003,1.2985001,-0.8185
GNAI2,2.157,0.4538,1.89385,3.189,9.1957,-0.9038,-2.24695
PSMF1,-0.1157,-0.1174,-0.29604998,0.287,-0.16985,0.82299995,0.9582
MYL9,-0.4632,0.3179,0.42995003,0.058650017,-1.1245,0.1894,0.95705
MMP2,-0.15865001,-0.51405,-0.85550004,0.5818,-0.81005,-0.13955002,0.28415
SMARCC1,0.34429997,0.117599994,-0.54745,-0.37505,-2.08755,-0.2026,-1.614
TM9SF2,0.0767,-0.63115,-0.41965002,-0.07329999,1.155,-0.5731,-1.2688501
PIP4K2B,1.0130999,0.33725,-0.71485,-0.032099992,-0.46595,0.24589998,-1.6891999
PXN,0.4832,0.30935,1.4221499,-1.1731501,1.3021,-0.96525,0.10429999
COPB2,0.26545,0.72214997,-4.9196,-0.3234,0.8033,-1.36345,1.7532
PFKL,0.85965,0.98434997,0.88390005,-0.06125,-1.3662,0.2879,4.38455
PGRMC1,-0.8931,0.54260004,-0.007550001,-0.9734,-0.9973,-0.46785,-2.456
ITGB5,2.00475,-0.4834,-0.5122,2.13745,-1.4762,-0.78055,-1.1796501
PLP2,0.41775,0.1008,-0.8348,-0.28430003,-1.304,-0.015500009,-2.06835
NFE2L2,-0.64970005,0.21185,-0.57345,-0.2345,-1.43835,-0.40645,1.8498001
MBNL1,1.3169,-0.69135,0.8011,3.96095,4.5706,-0.80295,-0.4767
NMT1,-0.59825,-0.16695,0.2343,0.41895002,-3.0795,0.4474,2.35345
BHLHE40,0.04365,-1.0883,2.2117,3.98735,-1.8098,0.39795,-0.61645
TERF2IP,0.27885002,-0.61365,-1.3881,-0.119449995,1.80025,0.3552,0.44950002
FBXO7,-0.58165,0.8358,0.03629999,-0.38395,-1.63065,0.19855,-0.66955006
HTRA1,-1.85275,-0.224,-1.57395,-1.10965,-0.2265,0.43510002,0.9229
LRPAP1,-0.84585,1.0232,0.025449991,-0.7985,0.28364998,-0.80429995,-0.38505
CREG1,0.51995,-0.05699998,-0.13620001,-0.46824998,1.9307,-1.3495,-0.8871
PCNA,-2.7712002,0.35905,-5.55075,-1.65555,0.15005,-0.19045,-5.78855
LGMN,1.51655,0.28155,1.2096,0.8873,3.24515,-0.35694999,-0.7887
ILK,0.60749996,-1.0667,0.85905004,-0.72505,1.6296,0.507,-1.8689
ATP1B1,-1.9402,0.47765,-1.3246,-1.4298,2.8566,0.24245,-1.1885
SYPL1,0.6472,-0.2296,-0.3456,-0.7657,-1.0339,-0.78725004,-1.4694
TXNRD1,-0.78375,0.0732,-1.0447,-1.52425,0.93525004,-0.38185,3.04945
NUDCD3,1.1015,0.50185,0.78145003,1.09375,0.4765,0.4613,0.9732
TOP2A,1.5132,0.52655,-0.15315,-0.19435,-1.1081,-0.34045,-0.92455
STK25,2.01005,-1.66575,2.0471,0.57465,-1.7105501,0.45855,-1.12255
EBNA1BP2,-1.3529999,0.5577,0.3181,-1.19155,1.20825,-0.18215,-1.36655
ARHGEF12,-0.18195,-0.83075,0.6672,0.2719,-0.1889,0.55705,-0.067600004
SCP2,-0.981,-0.1936,-0.70585,-1.2635,-0.8176,-0.3903,-1.2442
YME1L1,-0.71395004,0.45195,-4.6396,-5.36055,0.08385,-0.4554,1.13575
TMEM109,-1.5229499,0.70019996,-0.40265,-2.30155,-3.84935,-0.46350002,-1.8870499
TPD52L2,0.67060006,-0.74295,0.16600001,0.4769,-0.45615003,0.56165,1.0067
CRTAP,1.7087,-0.3535,-0.76855,-0.23005,-0.8538,-0.37164998,-1.94095
TRAP1,0.43745,0.78795,-0.3827,-2.2723498,-0.113649994,0.2139,-5.60425
IGF2R,0.32535,0.01880002,0.12285,0.45985,1.3267,-0.22230001,1.2322
PHGDH,-1.8871,-0.50084996,-1.1357,-0.9354,0.12115,-0.82515,0.7464
LRP10,2.9709501,0.24419999,0.63055,0.9656,-0.27819997,-0.53705,-3.15075
SOX4,0.1375,-1.30285,-0.29325,-0.3352,0.82745,0.06665,-0.9117
CAT,-0.47465,0.13385001,-0.25500003,0.2127,-0.20910001,0.2717,-0.3067
RHEB,0.2948,1.0209,0.6858,-0.46829998,-1.2148,0.011299998,0.003250003
MAPKAPK2,1.1157,-0.191,0.2062,0.2468,3.2705998,-1.13405,-1.77025
SCRN1,-0.25325,0.4731,-0.03885001,-1.1482999,-1.9099,-0.37725002,0.50200003
JUN,2.63915,-0.68455005,0.53679997,1.54145,-0.2158,-0.007099994,1.7077999
SHC1,-0.9675,0.1722,-0.19044998,0.6803,-0.47149998,1.45265,0.7202
SQSTM1,1.28115,-0.16905001,0.03435,1.08455,1.553,-1.1270499,1.51635
PRCP,0.48465002,-0.34085,0.1699,-1.19255,1.7379501,0.3495,-0.61515
USP7,0.99020004,0.93079996,0.31689999,0.047999997,-2.94765,-0.552,0.42505
NFKBIA,0.26515,0.88945,3.22445,0.2392,-5.8365,-0.84955,0.061199993
G3BP1,-0.30465,-0.36949998,0.031200022,-0.42415,0.9156,-0.4317,0.78455
TOMM70A,-0.71475,0.008049995,-0.70355,-0.65925,0.14765,-0.11515,1.2033
RPA1,-0.78365004,0.25335,-0.68095,-2.6704001,3.7068,0.08885,-1.58855
ZFP36,0.957,-0.8463,-0.689,-0.14235002,-0.05515,-1.8577,-0.2628
DUSP3,-0.0321,0.83145,1.3323,1.5002,-0.78375,0.0515,-0.2945
KDM5B,0.41214997,-1.5978,0.2006,0.83985,1.4999,0.3025,0.4665
MCM3,-0.4623,-0.044799984,-0.4835,0.3743,-1.9851999,0.67324996,-0.99855006
CLIC4,-0.5365,-1.0083499,-0.98425007,0.6802,0.92719996,-1.04925,0.13184994
CLSTN1,1.6329501,-0.9131,2.4442,-0.68365,1.6686,-1.1652501,-1.33745
ID2,-1.2301,0.72484994,-1.83055,-1.20485,3.27175,0.25015,0.9972
DCTD,1.1586,-0.15985002,-0.1766,-1.55985,-4.6182003,-0.5284,-0.09730001
FAT1,1.88095,0.51385,0.05945,0.81275,-4.53025,-0.2256,-1.0568
SMC1A,-0.31344998,-4.04795,-0.5008,-0.5696,-2.41405,0.95890003,1.9621999
NISCH,0.48825,0.65365,-0.34199998,-1.09765,1.30235,-0.46675,0.115150005
PWP1,-3.3904,-3.5423,0.19835,-0.056300014,-1.7214,0.19875,-2.26215
ICMT,0.66735,0.68815005,-1.2409,-0.018649995,-0.12615001,0.4658,-4.06505
RUVBL1,-0.92420006,0.1873,0.63535,-1.9321,1.21925,0.33725,0.70575
MBTPS1,-0.32205,-0.22025,-0.23210001,0.62665,-1.6100501,0.81585,1.3684
INSIG1,-1.5813501,-0.6858,-0.21315,3.72225,1.61225,0.23969999,0.7319
RRAGA,-0.1478,-0.30185,0.94955003,-2.1503,5.5386,0.55335,-2.2399
IER3,2.85155,0.16705,1.97435,3.495,3.0085,-1.11405,1.8136
UBE2L6,-0.42444998,0.09045002,0.32989997,-1.2235501,0.8667,0.05175002,1.7544
SMC4,0.2024,0.5083,1.0098,0.48295,0.56235,0.4914,0.4515
USP14,0.22980002,-1.01635,-0.5769,-0.96165,0.88795,-0.93505,1.82985
EGR1,-0.471,-1.0189,-0.86230004,-0.12794998,0.5662,-0.68439996,0.85160005
PNP,-1.10085,0.58210003,-1.21,-1.73395,2.7494001,-0.68070006,-0.088100016
DNMT1,-1.15465,0.63335,-0.5332,-1.0366,-0.38175,-0.068100005,-0.55265
CCND3,-0.60289997,0.8381,-2.5072498,-0.26485002,7.42355,0.14760001,-1.9526
NIPSNAP1,1.0634999,0.02035,1.04575,-1.42875,1.7474,0.05025,-3.0663
MYBL2,-1.2443,0.5079,-0.542,-1.4972501,-0.2166,0.025099993,-0.2409
EPB41L2,-0.30905,0.064050004,0.03405,-1.9247501,5.22255,-0.014200002,-0.36615002
ELAVL1,-0.5769,0.73425,-0.2911,0.40730003,-0.8679,0.21759999,0.35595
KIAA0100,0.97435,0.89199996,0.392,-0.18575001,0.71854997,-0.2491,-1.45935
TP53,0.5207,0.119449995,-1.1847,-1.44295,-2.5209498,0.775,-2.6619
RPA2,-0.26784998,0.2474,-1.2788501,-0.91245,0.51085,0.546,1.679
MTHFD2,-0.73565,-0.103300005,-2.5588999,-0.22,0.019199997,-0.648,2.5805001
PSME2,-0.67495,-0.0579,-0.49335003,-1.2251999,1.7007499,-0.5063,-1.7339499
DAXX,-0.45670003,1.0609,0.546,2.70445,-1.966,-0.50635,2.1124501
ELAC2,1.1369001,0.13375,0.65929997,-0.118749976,-0.29235,0.042349994,-0.22255
NCAPD2,0.13705,-0.46095,-0.17144999,-0.3841,0.49995,0.22719999,0.83709997
EFCAB14,0.1399,0.007349998,-0.5294,0.17315002,0.54744995,0.59505,0.113450006
DDX42,0.8162,-0.5178,0.4766,-0.8227,4.98035,0.1718,1.31635
LBR,0.13905,0.57535,1.16815,-0.08524999,-0.96895,0.59430003,-1.4158499
SH3BP5,0.19929999,-1.17485,-0.23880002,-0.15789999,0.30835,0.8788,1.4685
UBE3C,0.32515,-0.19370002,-0.63645,-2.16925,-5.41385,0.59749997,0.5269
SCARB1,-0.30175,0.27635,0.42355,-2.2509,0.6458,-0.59505,-1.93485
SCCPDH,1.9395499,0.32935,-0.90475,-0.33739996,-1.6967,-0.74215,-0.88435
SMARCD2,-0.2805,0.51605,-1.43935,-0.93745005,1.08985,0.4488,-3.3766499
NET1,1.54125,0.80939996,0.06575,1.8361499,0.292,-0.97470003,0.47779998
HDAC2,-1.11235,0.9866,-0.66359997,-1.3161,-0.44075,-0.2315,0.78585005
HSPB1,-0.77305,0.57825,0.44645,-1.7615,-0.90435004,-0.37015,-2.48475
LIPA,-0.21915,0.021349996,-0.86355,-0.79510003,1.6408,0.15470001,1.14065
BNIP3,1.1238999,0.50895,0.13355,-0.2903,0.49405,-0.52345,0.32144997
CDC25B,2.4914,0.26875,2.0542998,0.2985,1.39045,-0.60105,-3.23035
ATMIN,0.5222,-0.61635,-0.96744996,0.118149996,2.04155,-0.0032,-0.29015
TOMM34,0.24055,0.20574999,0.77405,0.1378,0.9062,0.16370001,0.25175
MPZL1,-1.6593499,0.27965,-0.86465,-0.25474998,1.5947001,-0.3802,-0.93205
IL13RA1,-0.56665,-0.07915,-1.14695,-0.23745,0.28289998,0.183,1.41945
PSRC1,0.16325,-0.86265,1.6618,0.71865,-0.5057,0.50045,0.25605
UBE2A,0.11745001,-0.1442,-0.72225,0.15185,2.1853,-0.4919,2.8794498
COASY,-0.3346,0.77845,0.59155,-0.66885,0.4483,0.57710004,0.24825001
LRRC41,-5e-05,0.120000005,-0.1812,0.47114998,-2.93325,0.3424,-0.58245
MYCBP2,-1.347,-0.5288,2.4424999,0.14985,0.97590005,0.33935001,1.2924
RBM6,0.54635,-0.000999995,0.35445,0.76165,1.68645,0.5918,0.44655
PGM1,-0.56175,0.33705,-1.55935,-1.61135,0.3192,0.2707,-1.66775
MYO10,-1.3768499,-0.57035,0.54905,-0.93625003,1.8198,0.09210001,0.46275002
RSU1,-0.39465,-0.5595,-0.021649987,0.16610001,-0.0933,0.45619997,0.63785
EGFR,2.6459,0.5243,-0.5194,2.75655,-1.8134501,-0.9085,-0.7801
KIAA0196,-0.05274999,-0.4567,-0.4536,0.80065,-1.4567,0.7668,0.63890004
EXT1,0.17845002,-0.26385,-0.15525001,-0.27835,0.06894999,0.051,0.4644
SPEN,-2.88885,-0.98605,-1.21795,0.34505004,-1.05335,-0.22510001,0.07464999
PTPN12,2.24565,0.53195,0.8182,3.45145,-1.0941501,-0.7051,-0.43984997
TWF2,-1.7549,0.3612,-0.13735,-0.332,2.41125,-0.71145,-1.0441
TJP1,0.76815,-0.73755,0.99539995,0.4633,-0.6814,-0.1928,0.74265003
MEST,-0.13885,-0.9647,0.9029499,0.35334998,-0.41505,0.123650014,-0.020400047
ALDOC,-0.6702,-1.2234501,2.35595,-0.6368,4.385,0.1043,0.11795002
KDM5A,-0.11414999,0.8738,0.042399995,0.4457,1.56675,-0.39215,-1.00465
RAI14,-0.8911,-0.07345,1.66685,-0.91205,-0.18715,-0.105100006,1.91255
BIRC2,-0.60715,0.8818,0.81925,0.04920003,-0.06440002,-0.5511,0.21775
CTSL,1.6126499,0.6492,-0.06380001,0.2899,-2.45205,-0.7603,-1.99125
PAF1,-0.19325,-0.13215001,0.1722,0.2467,-0.57909995,-0.00059998,0.22610001
BIRC5,0.45779997,1.3086,1.8008,-0.17495,-1.78125,0.27015,-2.82825
RALB,0.94585,-0.1148,-0.29479998,0.50355,0.62950003,0.1222,0.4308
ARFIP2,-0.40475,0.61795,0.69170004,-0.62555003,1.70595,-0.4481,-0.5015
ARHGAP1,1.8391001,-0.40029997,1.18065,-0.36870003,-1.7920501,0.1768,-2.39165
CPNE3,0.06985,-0.26215,-0.005849987,0.36105,1.29945,-0.44225,-0.49905
ABL1,-0.12355,0.30265003,-0.67759997,2.7846498,-1.1632,-1.35095,-1.0645
TRAK2,3.70035,-0.57809997,0.9302,0.98245,5.8943005,-0.6078,-1.4059
PYCR1,-0.43334997,-0.1668,0.09845,-1.5387001,-0.19710001,0.117400005,0.0378
NUP62,-0.91425,1.1410999,0.009549998,3.4307,-3.5341,0.24985,-1.4374499
PCM1,1.2588999,0.2806,1.0841,0.2735,1.5188,0.5377,0.17895001
BLMH,-0.4826,0.9809,-1.55,-1.8073499,-0.29645,0.92095006,4.2838497
MVP,1.6709499,0.6709,1.3131499,1.0782,2.63345,-0.42430001,-3.8292
NUP133,0.3434,-0.58704996,0.5861,-1.99745,2.0914001,-0.37100002,0.19529998
PLOD3,0.51935,1.92415,-0.74115,0.08595,-1.97085,-0.17815,-2.11335
PPP2R5A,-0.24125,0.29655,-0.46829998,1.4438,0.15615001,-0.72165,-2.0739
NUP93,-1.4281,0.20755,1.1842,-0.31910002,1.71005,0.5863,-0.7207
ARL4C,-0.29175,-0.38314998,-1.7125,0.15605,-1.18665,0.81159997,1.0403
KIAA0907,2.22545,-0.6832,-0.82465005,0.43795,-0.18245,-0.51905,0.10565001
CRK,1.19205,0.41015,-0.121750005,1.3027,0.23865,-5.126,-1.2035999
CHERP,-0.2044,0.7678,0.26215,-2.93075,0.6325,-0.33385,-0.21095
PLK1,-3.1411,0.67405,2.5448,0.8085,-5.2848,-6.52715,-2.37025
TRIB1,0.0511,-1.4830999,-1.08835,0.9477,-0.81905,0.4611,1.95935
CDK4,-0.3405,0.20105,-1.15185,-0.96465003,-1.1369,0.0905,-2.9726498
STXBP1,0.021650001,-0.11485,-0.95210004,0.59975004,5.876,-0.50535005,-2.5292
VPS72,-0.50945,-0.106750004,-0.54745,0.65305,-1.25515,0.45865,1.2862
HSD17B10,-0.5481,0.71344995,0.42275,-1.3059001,2.12605,0.05535,-2.5107
CDKN1A,-1.60165,0.1927,-0.11495,0.3116,0.3097,-0.06470001,1.35045
COL1A1,-0.6285,0.9287,-0.9281,0.25199997,1.8849,-0.9477,0.25370002
SENP6,0.59775,-0.7895,1.04275,-0.54520005,-4.0605,-0.06375,2.75755
ACBD3,0.74195004,0.056449994,2.25915,1.4021499,2.21735,-0.025399998,0.2035
CSK,0.30945,0.3425,0.27055,-0.887,-0.7331,-0.008300006,-4.5425
CSNK1E,1.1022999,-0.54525,3.1131,1.3425,-1.39215,-0.68585,-0.95925
TOR1A,0.26025,-0.6934,-3.7087,0.5249,0.6737,0.6781,0.5314
TRAM2,-0.23725,0.064450026,-0.37094998,-0.37100002,1.06195,0.28275,-0.1839
TCEAL4,0.44494998,-0.92684996,1.83865,2.01015,-1.02995,3.4471502,-1.44325
GNPDA1,0.1868,0.010399997,-0.62865,0.4608,-3.0952501,0.61185,-1.10865
RGS2,0.52335,0.31075,-0.51379997,1.1395501,4.6380997,0.029900014,0.5058
ABCF3,-0.5186,0.3671,-1.6310999,-2.19535,1.5719,-0.74224997,0.904
TCERG1,-0.002999999,0.6331,0.8047,-0.8168,-4.87545,-0.20570001,0.2388
USP1,-0.62425,0.24595,-0.9009,-0.9695,-1.38045,-0.42589998,0.773
KEAP1,0.65680003,0.86105,0.06279999,-1.1423,-7.34645,-0.83140004,-0.208
KAT6A,-0.83655,0.62105,-1.5782499,-0.54665,-1.2679499,-0.09565,0.96595
MPC2,-1.1192,0.40289998,-1.70895,-1.3999499,2.9139,-1.0432999,-1.1680499
MYC,-0.21975,0.3256,-2.96235,-1.40485,-5.12195,-0.8106,0.24065
SLC35B1,-1.3426499,0.77775,0.25364998,-1.5916,-0.34845,-0.32729998,-1.07795
PLSCR1,-0.08004999,-1.1687,-0.3002,-1.25185,0.28735,-0.14755,3.76275
DECR1,1.0041499,-0.43524998,0.76605,-1.20405,0.60995,0.4742,-1.73365
ERBB3,3.1539502,0.49885,1.3253,2.7595,-1.3885,-0.55175,-3.7134
PRSS23,0.9584,-0.65314996,-0.77485,2.1941,-0.34325,0.09335001,1.83525
PAPD7,-0.18605,-0.7556,-0.53405,0.78145,-1.9507,0.88654995,0.3833
CTNNAL1,-0.85765004,-0.2889,-0.60830003,-1.04445,2.00735,0.33685002,0.50065
IKBKAP,-0.35854998,0.2022,0.26735,-0.4791,0.44825,-2.25595,-0.11955002
PPIE,2.3011,-0.10875,0.5273,-0.0612,-2.42925,-0.123950005,1.0833
DNAJB2,1.98035,0.46005002,-0.1761,1.21345,2.5186,-1.2512,1.6636
SNAP25,0.34475,-0.33204997,-0.46034998,0.58405,0.62535,0.09819999,1.04765
BCL7B,-0.26079997,0.054099992,0.8712,0.6166,1.1364,-1.25945,-0.21809998
GALE,0.74189997,0.7543,-0.8097,-0.5482,1.93485,-0.60679996,-5.2824497
HMGCR,0.63755,-0.86205,-0.8857,1.71645,0.07245,0.027549997,1.7532
PRKCD,0.99755,-0.46670002,-0.83255,-0.65305,1.4633,-0.7404,-1.9342
VAPB,1.5251501,0.31485,-0.110599995,-0.5022,-1.2192,0.36995,1.8708
MYLK,-1.0905,-1.17905,0.16689998,0.68495,0.96,-0.54085,1.0767
S100A13,0.15525,-1.3382,-0.30554998,0.80285,-1.5653,0.64115,-1.17145
NRIP1,-0.1462,-1.2725999,0.4265,-0.6453,-2.2646499,0.54705,-1.0541
HTATSF1,-0.09300001,-0.5088,-0.26535,0.3151,0.047249988,0.43409997,1.33235
ADAM10,0.70369995,0.81505,0.6064,0.03445,1.16075,-0.53429997,-2.4211502
EAPP,0.34910002,-0.06985,-0.07125001,0.30845,0.10744999,-1.34695,1.28525
SERPINE1,-0.34390002,0.42689997,0.058000013,0.6947,0.18745,0.05365,0.2997
APPBP2,-0.102100015,-1.62755,-0.7607,0.2772,-0.115499996,-0.039199978,-0.38770002
TOPBP1,-1.1593,-0.84275,-0.8835499,0.72425,-0.12619996,0.33775002,0.56264997
POLR2K,-2.37095,0.06730001,0.0518,-0.6914,1.3478,0.45825,0.26325
ICAM1,-0.97789997,-0.040549994,-0.12105,-0.6868,-1.8655499,-0.17565,1.19555
NRAS,0.022799999,-0.36360002,1.9525,-0.41175002,-0.11530001,-0.07925,0.8586
LPGAT1,1.1325,-0.65825,-0.1489,1.2231,-1.05535,-0.78135,-1.84705
PSMB10,-1.1966001,-0.7138,-1.9481001,-2.10955,-0.4361,0.28074998,-3.8756502
SDHB,0.5,0.93695,0.10079998,-1.7123501,-0.1839,0.18895,-1.71025
RASA1,0.50895,0.1537,2.1634,1.56515,0.080749996,-0.13790001,-1.5816001
GTF2A2,-1.58875,0.55385,-0.98465,-1.21555,1.20855,-0.22680001,0.57780004
NPC1,0.84055,-0.3501,0.65075004,1.67675,0.5999,0.5232,1.28775
GTF2E2,-1.6567501,-0.4411,-0.88355,0.09679999,2.0,0.42360002,0.56225
RNMT,0.93880004,0.2299,-0.23224999,0.41899997,1.44405,-0.21790001,1.4396
RBM15B,0.3571,-0.52720004,-1.3320999,-1.24325,-0.56025,0.2664,1.09965
OXSR1,0.88485,-0.45340002,0.93579996,0.02105,1.1840501,0.0994,0.45525
DUSP11,-0.43989998,-0.73485,-0.35300004,0.85365,-0.83425,0.3339,1.0323
CCNB2,0.7331,0.046600014,0.48155004,-0.3667,-1.61745,-1.0157,-0.6555
HIST2H2BE,0.2643,-0.54625,-0.46509996,-0.18309999,-0.322,0.6695,1.20935
PTPN1,-0.1759,-0.03545,-0.037099987,0.90555,0.66534996,0.79905,0.6763
TES,0.4711,-0.61469996,-0.7695,-4.7108,0.30595,0.62095,1.55785
GFPT1,-0.17164999,-0.80465,-0.8909,0.849,1.0191,-0.21265,2.65555
LIG1,-1.3664,0.87495,-0.09354999,-1.24605,-1.00055,0.46005,-1.70515
PKIG,-0.056099996,-0.91365004,-0.0558,-0.70239997,1.2504,-0.46005002,0.044150025
P4HA2,-0.3581,0.46305,0.06475,0.61355,-0.1094,-0.42790002,0.37545
EBP,-0.88965,0.7573,0.041049987,0.54415,0.605,-1.0581499,-0.9379
PHKB,0.7251,-0.056349996,-0.04005,-1.14535,0.0768,-0.23000002,-0.33095
PIK3R3,-0.1487,-0.67365,0.32130003,0.20449999,-0.57685,0.4329,0.686
WRB,-0.4907,0.54315,-0.22145003,-1.7118001,3.5026999,0.8711,-1.8106
GPC1,-0.1981,-0.6346,-0.9271,0.25849998,0.1391,0.72789997,-0.4095
SYNE2,1.2823501,-0.1655,-0.40115,3.42995,1.19775,-0.4249,-1.0925
CASP3,-0.34115,-0.22244999,-1.7983999,0.70595,0.1772,-0.15134999,-0.3111
DNTTIP2,-0.68149996,-0.4957,0.40165,0.32125,-1.70565,0.4177,0.5343
ZMYM2,-0.49774998,0.6214,-0.0683,0.7318,-0.041549996,0.4984,-0.51855
OXCT1,0.69425,0.2692,-0.4159,-0.62645,-0.55795,0.65215003,-0.3679
NNT,0.68684995,0.79150003,-0.43615,-1.3307,-1.40345,0.07114999,-0.65035
MAPKAPK3,0.21810001,-0.44615,0.4339,-0.2554,-0.088750005,0.61885,-0.28345
INPP1,2.74855,0.70500004,0.039749995,2.53085,-2.6343,-0.0958,-1.44965
SACM1L,0.65955,-0.09735,-0.38265002,-1.24625,1.32135,0.04825,-0.46365
PRKACA,-0.15325,-0.73915,0.42259997,0.27525,1.28695,-0.22219999,0.36765
INTS3,1.4667499,0.2055,0.67665,0.7438,-2.8806,-0.63435,-0.048850007
STAMBP,0.07084999,-0.09385002,-0.0747,-0.8243,0.3333,0.33935,0.045849994
GAA,0.21095002,0.38745,1.26055,-0.46525002,-0.014949977,0.7594,-2.1454
TARBP1,0.07914999,-0.6257,0.16495001,-0.60465,-0.77765,-0.24245001,-0.47875
SLC25A4,-0.3833,-0.088149995,-0.21435,-1.3745999,2.17715,-0.6969,-1.7705
SLC37A4,0.14415,0.46815,0.58720005,1.12435,2.3352,-0.0483,-1.9361501
PCK2,-0.29755002,-0.88395,-1.3413501,0.56035,-0.59935,-0.08420001,1.83845
HPRT1,-1.3826001,0.28204998,-0.24225,-0.67910004,-0.025900006,-0.090100005,-1.0766
FAH,-1.15385,0.08135,0.83804995,-0.5904,-0.29855,-0.17545,0.008000016
POP4,-1.7306,1.0386001,0.79754996,-1.4813,-0.4634,-0.14915,0.25959998
CDC20,1.8422501,1.06895,2.2654,-0.09595,-4.7389,0.15915,-3.5819998
CYTH1,2.0613499,-0.23455,0.6584,1.37405,4.6958,-0.80340004,-0.09975
DDIT4,-1.2197,-0.67845,-1.03935,-0.3607,0.0484,-0.70065,3.2223
MAP7,-0.5558,-1.0225,-0.99810004,0.66855,0.91895,-1.088,0.20104998
NIT1,-0.24095,-0.6312,-0.8497,0.17964998,0.23270002,0.36760002,0.9375
NUP88,-0.27605,0.4411,-0.12945,-0.6617,-0.5158,-0.82140005,0.65980005
WFS1,-0.0905,-0.88435,0.23995,-0.56005,2.8596,0.059700005,-0.2076
ADGRE5,2.0928001,0.18915,2.22495,-0.06545,-1.0432999,-0.0563,-3.10385
MSH6,-0.86625004,0.52279997,1.23455,-1.4669499,-1.3507999,-0.2653,-1.7221
FAM20B,-0.16364998,-0.84440005,0.43855,-0.59845,-0.98825,0.3527,0.3207
PIN1,0.2698,0.15145001,0.75985,0.66305,2.96235,0.7633,-0.6466
ETFB,-0.29625,0.80910003,-0.712,-1.4593999,0.3995,-0.055300005,-3.28775
FPGS,1.51595,0.38545,-0.63839996,-1.1122999,-1.33905,-0.312,-2.55695
FHL2,0.4321,-0.59274995,0.43055,-0.98265004,-1.3751,-0.6398,2.88085
CRYZ,-0.6499,0.23809999,0.012699991,-0.93455,1.859,-0.40555,0.434
UBE2C,1.13205,1.102,-0.95685,0.25325,-3.1473,-0.4924,-2.83325
RFX5,0.1276,-0.18725,2.001,-0.59275,0.57185,0.8981999,-0.5619
ARNT2,0.39065,-0.4819,-0.75960004,0.026800007,0.08095001,0.18975002,1.33515
PYGL,0.91999996,-0.2027,-0.29425,-0.118149996,-0.13485003,-0.92754996,0.3535
POLD4,3.1396499,-0.07145,0.2691,5.2504,3.5534,0.2942,-1.1817499
LYPLA1,0.12745,0.61644995,-0.4462,0.4001,-0.36394995,-0.001900002,-0.28175002
ECD,-1.1452999,-0.5449,-0.39145,-1.7047999,1.9479499,-0.7754,2.32265
PTPRK,0.1868,-1.2326,0.34905,1.5797,-1.08165,0.85495,0.62955
TIMELESS,-0.6441,-0.000349998,-0.59225,-2.5229,-4.7206,0.4642,-1.1739
STK10,0.16930002,-0.91545,0.08589998,2.2045,-0.76475,0.112999976,0.27085
TP53BP1,0.37395,0.2343,-0.07895,-0.16800001,1.3672,-0.2073,-0.030499995
TCTA,1.2351999,-1.0881,0.29075,1.0471,1.7333499,-0.64054996,-0.70285
PDHX,0.36150002,0.48775,0.13260001,-0.55349994,-0.59155,-0.24299999,0.42005002
KLHL21,1.5897,-0.015849978,-2.2062,1.43765,0.60864997,-0.8797,1.47235
COG2,-4.22075,0.43330002,0.057850003,-1.97945,0.95524997,0.92579997,-1.7311001
DNM1L,0.20165,0.23709999,0.30449998,-1.0508,2.65735,-1.1001,1.99875
PTK2B,-0.028399989,-0.82,0.07955,0.82425,0.21575001,0.44884998,0.75020003
PAN2,0.82605,-0.34574997,1.7526,0.001699999,-2.43905,-0.13645,-3.2779002
CCDC86,-4.1146,0.31565,-1.0294499,-0.02995,-2.5361,-2.2088501,1.4279499
TP53BP2,-0.07435,1.0852499,-0.29509997,0.21925,0.31935,-0.09195,2.10935
SLC11A2,-0.657,-1.06835,0.8981,-1.26545,-3.877,-0.3847,-2.46625
SPTLC2,0.71105003,0.8973,-0.40850002,-0.035399973,2.2808,-0.146,-0.32935
KIF5C,-0.3826,-0.57515,1.2135,-0.16960001,0.73025,-0.5814,0.2988
RB1,0.14260001,-0.1449,0.62409997,0.42395002,-1.95715,0.7032,0.9437
TBP,-0.32925,-0.69415,0.11765,-1.27915,1.0442,-0.090550005,1.6445501
HAT1,-2.14945,0.6594,-0.32265002,-1.13955,-0.35650003,0.5208,0.39494997
PAK4,-0.6359,0.46405,0.64745,-1.05575,-1.14555,-1.31365,-1.5194
TIMP2,-0.5651,0.0767,0.3265,0.47675,-0.88575,0.77094996,0.47985
RRP8,-1.58945,0.56605,1.22415,-0.59870005,-0.75405,-0.78964996,-1.1305
S100A4,-1.01185,0.54775,0.1502,0.23785,-0.48165,0.16980001,-2.1708
B4GAT1,0.69790006,0.9108,-1.2866,-0.5345,-1.6903,-0.53695,-1.3697
ABCB6,-0.31405002,-1.2811501,-0.38750002,-0.061100006,-0.65854996,0.2442,0.49795
PMM2,-0.75105,0.22125,0.6885,0.51355,-2.1396,0.3489,1.61955
MTFR1,-0.14844999,-0.3818,-0.010699987,0.11444999,0.27215,0.5069,1.6940501
RFC5,-0.71675,0.19884999,0.69445,-0.8155,1.29205,0.6491,0.42755002
CDK1,-0.12495002,0.70790005,-2.5204,0.13599998,0.12939999,0.08495,-1.5541
ST3GAL5,0.48875,0.034150004,-0.14905,5.1408,2.874,-0.3106,-1.22525
MAPK9,-0.21409999,-0.8634,-0.97145003,-0.006949991,0.59925,0.37434998,-0.40324998
TLE1,0.025150001,0.30830002,-0.60429996,0.56219995,0.93025,0.494,-1.3227999
PAFAH1B3,-0.36705,0.8369,-0.23865002,-1.7533,3.4708,-0.76890004,-3.7347999
IL4R,-0.3578,-0.43885002,-0.8771,-0.10799998,-1.6884,0.8822,0.18175
NPRL2,0.1911,0.36200002,-0.4665,0.80675,0.83455,-0.46490002,-0.42525
CDH3,-0.2701,-0.664,-0.074999996,-0.34555,0.45520002,-0.76565003,-0.67219996
DRAP1,-0.75100005,0.6218,0.07944998,-1.5011001,4.7626,-0.79655004,-2.20835
DFFA,-0.48585,-0.49710003,-0.26099998,0.84695,-1.2244,0.45705,1.31955
EDEM1,-0.45534998,-0.38489997,-1.4275,-0.69560003,0.1917,-0.4263,0.14840001
HS2ST1,-0.41095,-1.3162,-0.4255,-0.66139996,2.10195,0.48430002,1.2922
KIAA0355,-0.34985,-0.5328,0.1348,2.09425,0.65155,1.5242499,0.048399996
CNOT4,-0.6953,0.6552,-0.5483,-0.27279997,-1.95115,0.20360002,1.4459
DMTF1,0.08674999,0.14070001,0.53835,0.68935,-0.27350003,0.3734,0.48834997
DCK,0.4627,1.17385,-0.68579996,1.2867,1.6944001,-0.24440001,-1.5429499
DYNLT3,0.23770002,-0.45515,1.00485,0.46484998,1.9192,1.5594001,-1.8815999
BAMBI,-1.19045,-0.1239,-1.92405,-1.05515,1.6180999,-0.53244996,1.8304999
SLC35A1,0.98895,-0.52175,-0.28430003,-0.3527,0.9466,0.2961,0.51245
NCK2,0.52454996,0.48605,-1.1059,1.5171499,1.65835,-0.66705,-2.03995
ITGB1BP1,0.20875,-0.36015,0.14555,0.57605,-0.34205,-0.76325,-1.57065
PPP2R5E,-0.6581,-1.1017499,1.08835,1.45675,-1.14695,0.056449994,-0.3152
CEBPZ,0.021249995,0.49455,0.092399985,-2.6632,0.59279996,-0.0119,0.6454
TIMM17B,0.3513,0.065400004,-0.73225,-0.33135,-1.26575,-0.14195001,-2.3775
UGDH,-2.19435,-1.10245,-0.34625,-0.0864,0.5442,-0.91475,1.0734501
MTF2,-0.27130002,1.97425,-0.22519998,-0.3686,-1.1445,-0.88355,-0.85405004
EZH2,0.2399,-0.72435004,-0.14625,0.04455,-1.5685,-0.0803,0.072999954
MYCBP,-1.7869,1.00875,0.39875,-0.93095005,2.23405,0.5441,-3.9541001
DUSP14,-0.3261,0.4519,-1.082,-0.3714,1.3041501,-0.17485,0.32564998
SOCS2,-0.9038,-0.7617,-0.40375,-0.7145,-0.22415,-0.001249999,0.71360004
RPS6KA1,-0.19209999,0.42865002,-1.703,-2.1172001,1.26475,-1.6493,-1.6
APOE,-0.22915,-0.31555,2.7587502,1.09765,-0.3344,0.67575,1.0536
HES1,-0.965,0.5575,-0.93145,-2.5114,1.0543001,-0.44795,0.56885
PSMG1,-0.54219997,0.66110003,-0.58045,-0.31115,0.8013,0.093849994,-0.90690005
SATB1,0.21065001,0.7949,1.7543501,-0.000850007,-0.1963,0.92335,1.41505
DDB2,0.4327,-0.05769998,2.42625,-0.3182,-1.5304,1.122,-0.53999996
CCNA2,0.61109996,0.63995,1.5624,-0.59415,-3.4666,0.3567,-2.60445
EML3,0.5552,0.4821,0.67475,-1.18085,1.5091,0.5559,-2.61085
PRAF2,2.19035,-0.121999994,0.4711,1.4672999,-1.2439001,-0.63815,-1.1656
SPR,-0.3947,0.61565,-5.3456497,-0.81675,-7.8713,0.62635,-0.7202
EPN2,-0.1376,-0.44485003,0.8607,0.31145,0.75675,0.14039999,2.2961001
MRPL19,0.10655001,-0.77320004,0.91295,-1.921,-5.6221,-0.5812,-1.4897
CEP57,-0.6817,-1.23025,-0.4254,-0.33670002,-0.63584995,0.14245,1.24805
TRAPPC3,-0.547,0.35540003,0.87125003,-0.64075005,0.4967,-0.00395,0.3813
ZNF318,0.60325,-0.15770002,-0.24745,0.3543,0.251,-0.12020001,-1.0595499
STX4,0.7049,-0.050500005,-0.38019997,0.53695,1.298,0.93404996,0.52245
IPO13,-0.16065,0.058800004,-0.6286,-0.31,0.044549998,0.79905003,2.0879
PCBD1,0.42824998,0.33725,0.06865001,-0.53855,-1.1746,-0.52705,-2.77165
MNAT1,-0.15450001,-0.85395,-0.15595,-0.0167,1.9353001,-0.90335,0.89285004
AGL,-1.9722999,-0.8469,1.11995,-0.71175,0.3957,-0.18190001,-0.7412
LOXL1,0.24484998,-0.18390001,-0.21759999,-0.91015,-0.7652,1.7530999,2.73235
NFIL3,0.0737,-0.41045,-0.73050004,0.098600015,1.51865,-0.98615,4.8249
CSNK2A2,1.8664,-1.0479,0.004500002,-1.42575,1.9703,-1.0094,0.06645
RAB4A,-0.2901,0.013000004,-0.21630001,-0.4306,0.96215,-0.46435001,-1.24745
POLB,-0.94585,-0.7987,-0.39775002,-0.09765,1.6919999,0.43305,2.5689
IGF1R,1.07225,-0.17600001,0.66255,1.4379001,-0.265,-0.4287,-0.80515003
FGFR2,-0.21339999,-0.8344,-0.30834997,-0.1848,1.3833001,0.89205,1.3901501
MBNL2,0.2651,0.0317,-0.92920005,0.805,2.2354999,-1.4995,2.37445
TATDN2,0.13155001,0.51275,0.71610004,-0.37585,-0.44889998,-0.19145,-1.6494
TRIM13,-0.04185,-0.63615,-0.1712,-0.2315,-1.5838499,0.086449996,1.3359499
HMOX1,-0.57635,-0.48834997,-0.71000004,-1.5250499,1.2667999,-0.47395003,5.69645
NUCB2,-1.14055,-0.55415,-0.64664996,-0.668,0.5025,-0.4807,-0.84055
BCL2,-0.12515,-0.25175,-1.56165,0.39835,-0.89124995,-0.2675,-1.37805
RFC2,-0.63,1.00755,-2.05195,-1.91485,0.41725,-0.059200004,-3.81675
FZD7,0.48619998,1.0849,-1.4319,0.063399985,-0.26354998,4.7504997,0.32669997
PHKG2,-0.42869997,-0.86825,0.57155,-0.084199995,4.76225,1.1623499,2.2971
GADD45A,-0.2649,-0.4525,0.91625,-0.90610003,1.87815,-0.62880003,5.9646
LAMA3,0.35805,-0.15310001,-0.1719,-0.21575001,0.05745,0.015000001,1.5922501
SKIV2L,0.03865,0.71165,1.32295,-0.78885,1.61255,-0.26145,-1.37115
BUB1B,-0.0295,-0.44024998,0.81275,-0.000950009,-0.74369997,0.08229999,0.7484
SLC25A13,0.01729998,0.86829996,-0.26215002,0.6349,-2.1069999,-0.25975,-0.7507
SSBP2,-0.6313,-0.116349995,0.2459,0.5601,0.37755,0.4539,1.18805
AKAP8,0.5609,0.1956,1.81225,0.48745,-5.0244503,-2.7338,-0.99055004
PDIA5,-0.22179998,0.64675003,0.5227,-0.19265,-0.7313,1.14765,-1.1819
RAB11FIP2,0.033199996,-0.08580005,-0.3684,-0.2373,-1.3692499,-1.5315499,0.8346
RAB21,0.32545,-0.5249,-0.22614999,0.8571,0.50124997,0.23525001,0.4988
LYRM1,-0.86335,0.18490002,0.4218,-0.36584997,-0.33985,-1.25395,-0.23630005
RAP1GAP,2.21005,-0.7876,0.7335,0.93305004,4.4213,-2.14275,-1.30535
TCEA2,-0.19715,-0.58965003,0.254,0.71954995,-0.1121,0.21425,1.3029499
NFKBIE,-0.13700001,-0.5003,-0.53085,0.3003,0.053849995,-0.113950014,-0.48735
MRPL12,0.6921,0.2464,1.28465,-1.77185,-2.77735,-0.009900004,-3.7783499
ATF6,-0.48589998,-0.10085001,0.34960002,-0.41465,-0.049399994,-0.40760002,0.5984
CEBPD,-0.09495,-0.67649996,-0.34324998,1.0957999,-2.5251498,-0.1408,1.70735
GNB5,2.47785,0.16135,-0.49385,4.31455,1.5159,-2.1916,-2.2368
DUSP4,0.86195004,-0.34955,-1.2527499,0.4376,-3.03585,-0.99335,-0.0388
CEBPA,-0.56835,0.40960002,-1.3208499,-0.23995,2.0543,-0.49879998,-0.0291
WASF3,0.43565,-0.18195,-0.42895,-0.032849997,2.8564,0.23914999,2.0414002
PRKX,-0.1339,-0.77695,0.085100025,1.0618999,-1.26385,1.54795,1.5325
SLC5A6,-1.6514499,0.57495,-2.21735,-1.2712,-0.22314999,0.24495,-0.4055
MAP3K4,-1.4291,0.5505,-0.7659,-1.4678,-1.4205999,-0.29470003,-0.37095
AURKA,0.473,0.1568,3.0465,-0.67765,-2.92175,-1.25635,-0.5293
CCNH,-1.31235,-0.40955,0.3035,-1.01865,0.9788,-0.41189998,0.2645
TESK1,0.66695,-1.35595,-0.5389,0.41295,-0.71935,-0.26834998,0.87595
CDC45,-2.2166,-0.41005,-1.33215,-0.83985,0.43530002,1.2308999,1.0497501
FOXO3,0.18395,-0.64535004,0.032550003,0.66895,0.91244996,-0.96875,-0.20295
ENOSF1,0.3643,-0.6464,-0.29159996,-0.86625,-1.1867,0.4788,-0.74880004
IFNAR1,-0.22420001,-0.47469997,0.7971,0.34709996,-1.2311,0.66225,0.5448
CDK2,-0.9475,0.45865,-1.59215,-0.79435,2.2161999,-0.32665,-0.9872
ELOVL6,-0.36609998,-1.29115,-0.08155,0.15725,1.34455,0.43275,-0.6218
PMAIP1,0.53155,-1.0454,0.0307,0.68195,-0.24405001,0.03825,1.4700501
PIK3C3,0.64055,-0.93355,-0.2202,1.4389999,-1.0597,0.66335,0.89830005
CREB1,0.095149994,-0.5309,-0.94925004,-1.67705,-1.7116501,0.287,0.47045
PIK3CA,0.1852,-0.91945,0.42279997,0.21104999,-0.2672,-0.051800013,1.39065
GSTM2,-0.59120005,-0.547,-2.04125,-0.14109999,-0.5815,-2.25415,0.36155
FOSL1,0.027499998,0.32965,-1.51935,-1.4293,-4.252,-0.87265,3.3793
FZD1,-0.1613,-0.96445,0.72405,-0.09565002,-0.47825,-0.2045,0.48799998
PLA2G15,2.76875,-0.47555,0.42265,0.21724999,8.31485,0.67350006,-0.27905
SNCA,-0.52275,-0.76725,0.092700005,-1.46355,-0.63135004,-1.7981,0.60705
MMP1,0.28915,-1.1471,-0.5948,0.5535,1.0237,0.16280001,2.44245
PIK3C2B,-1.62275,0.3159,-1.44335,-1.2612,-2.43395,0.13284999,-0.13374999
CD44,0.12025,-0.9994,-0.43164998,0.079399996,0.51825,-0.62045,0.77055
DPH2,-2.7189,0.76549995,-1.59545,-1.5599,-0.4741,0.4649,-0.20975
PPIC,-1.08255,1.2241,-0.555,0.16505,-1.6187501,-1.1131,-3.1691
BRCA1,-1.0688,0.2087,-0.80615,-0.4203,-0.78225,0.32025,0.56264997
ST6GALNAC2,0.31715,-1.0023999,-0.71494997,0.79894996,-0.609,1.1676,1.1757
IKBKE,0.2578,-0.54775,-0.50185,-0.2439,-0.1977,0.49475,-0.0801
FGFR4,0.07695001,1.59605,1.1034501,-0.5736,0.8924,-0.08775,1.07515
SLC25A14,0.83795,-1.09635,-0.1097,0.48885,2.06775,-0.10005,-0.7226
CGRRF1,0.64344996,0.14339998,-0.44370002,2.2653,4.62175,0.4849,4.5148
CCDC85B,-0.40029997,0.597,-0.3496,-0.6612,1.5912,-2.2975,-3.53015
ACD,-3.1288,-0.1497,-1.9976,0.73635,0.13670003,0.778,1.24545
TFAP2A,-0.6998,-0.21124999,0.1502,0.50975,-0.08344999,0.59165,-0.19144998
SHB,-0.034599997,-0.63315,-0.96705,0.17749998,-1.50155,0.64095,0.73175
CCP110,-0.59275,-0.82325,0.92579997,-0.07735,2.5622,-0.1603,1.2698001
KCNK1,1.7339001,-0.008749992,-1.95145,1.66105,-5.2267,0.1462,-0.83075
CDC25A,-1.7874501,0.4563,-2.38935,-0.7967,-1.19945,-0.7197,-0.9619
KIAA0753,-0.51375,0.12085,-0.9263,0.029800005,0.80095,0.8873,2.06175
NCK1,0.72215,-1.1796,-0.26315004,-0.41495,1.10965,-0.25405002,1.1909
STX1A,1.44805,-0.65465,-0.5357,0.96175,2.9113998,1.96595,-0.0931
PTGS2,-1.9777999,0.1638,-2.9678001,-0.94194996,-1.9240501,-0.5298,5.4345503
MAP2K5,1.94575,-0.40965003,-0.62444997,0.29375002,1.4921,-0.0555,-0.4374
C2CD2L,0.18560001,-0.69545,3.68215,0.2637,3.7557502,0.33865002,-1.22175
USP6NL,0.09985,0.79975,0.050449997,0.030350002,-0.22475,-0.5698,0.597
FAS,0.4274,-0.47205,1.5060999,-0.13365,-1.55675,0.80095,1.04675
PPOX,0.11925,-0.25535,1.0162001,0.74509996,-0.75505,0.54434997,1.1200501
TMEM5,0.1507,1.2421,-1.27765,-1.8325,-1.8859999,0.3106,-1.6800001
CLPX,-0.19015001,0.10905,0.4738,0.66679996,-2.8167,-0.91999996,1.0590999
ZW10,0.67215,-1.25075,0.2495,-0.8248,0.24394998,-0.09600001,0.31065002
MELK,0.10924998,0.030750003,0.6469,0.13454999,-1.3852501,0.0636,0.76135004
CCNF,0.11135,0.35635,1.4604,0.49825,1.166,0.10335,-2.0408502
RAD9A,-0.7672,0.48815,-0.41665,-0.30835,4.78085,0.64285,-0.73550004
TCFL5,0.47579998,-0.4138,-0.44965,-0.0774,-0.32415,1.2456,-0.20035
ZNF274,-0.63905,-1.4454,1.20785,-0.4102,0.3311,-0.35559997,-0.32645
ICAM3,-0.8412,0.28530002,0.04535,-0.5852,-0.3603,0.57745004,-2.6311
DDX10,-0.21515,0.55645,0.72134995,0.069299996,-0.12435001,0.09995,-0.25735
TRAPPC6A,0.7041,-0.80219996,0.025999999,-0.6398,1.9309499,0.43684998,-0.4635
CDK5R1,-1.08525,0.21540001,-1.63735,0.41635,-1.3619,-0.3255,-0.63925
ATF5,-0.26815,-0.4962,-0.73235,0.19524999,-6.95205,-0.42495,1.1821
STAT5B,0.18460001,-0.16870001,-0.46789998,-0.16049996,-2.0485,-0.5195,-0.3405
CCNE2,-1.2316,0.18374999,-2.2824001,-1.6821,-0.1424,0.7583,1.6356499
LSM6,-0.7865,0.4461,0.40104997,-1.5264,-0.51535,-0.105349995,-1.8747001
IKZF1,3.75035,2.9607997,0.37545002,3.77495,-0.98934996,4.0640497,-1.163
CENPE,0.64335,1.04855,2.12335,1.18385,-0.61654997,0.45740002,0.97695
KIT,0.22755,-0.64390004,0.022650003,-0.09440002,-0.77435,1.0545,1.4546001
ITGAE,-0.95355,-0.45540002,0.21659999,0.85275006,-0.38685,0.76390004,0.647
IL1B,-0.10375,-0.51320004,0.6356,0.64405,-0.028350025,-0.18654999,0.13530001
ORC1,1.2972,-0.4663,-0.53395,-0.35525,-0.005999997,-0.11745,0.51519996
MAMLD1,-0.6652,4.81245,-0.3585,0.27675003,-0.29279998,0.49155003,-0.3531
SGCB,-0.046099998,0.78499997,0.4495,0.16055,0.35545,-0.36264998,-0.85345
MOK,0.2255,-0.28695002,0.47895,-1.3522501,-0.36405,-1.1161001,1.5988001
CD40,0.057250008,-1.0493,-0.44959998,-0.1038,0.64915,0.99325,0.84585
PEX11A,-0.01969999,-0.17610002,0.64409995,-0.57265,2.5278,-0.013600001,1.5351499
CLTB,-0.5163,0.59679997,0.12445,-0.6012,1.495,0.34175,-0.7113
CD58,0.85245,0.036450014,-1.36755,0.81585,-0.64250004,-0.2779,-0.043900013
PLS1,0.040400013,1.38975,-0.012500003,0.51605,0.66830003,-0.66340005,2.62925
PCMT1,0.12559998,0.90040004,0.4267,0.2755,3.7638998,0.33195,-0.30375
RELB,0.67505,-0.56565,1.5508,0.047,0.2466,-0.4201,1.208
GNA15,-0.41955,0.15810001,-0.87455,0.048150003,-0.93909997,-0.09385,2.7999
INPP4B,-1.1628,-0.5033,-0.0874,-0.26715,0.11829999,-0.59195,-0.37325
CBR3,0.86455,-0.3151,0.66405,0.124800004,-0.6673,0.5918,0.6924
CHEK1,-0.075050004,-0.2013,-0.1476,1.29045,-0.91305,0.80955005,1.4196501
SMAD3,3.57685,-0.36985,-0.17985001,5.4686003,-1.5824499,0.11259999,-1.5086
DAG1,-0.022,0.63304996,0.3576,-0.3214,1.26805,-0.0423,-3.11425
PHKA1,0.50685,-0.2739,0.50004995,1.7143,-1.45715,-0.45025,0.6302
FOXO4,3.4538002,-0.04645,1.2506,1.32055,2.16745,-0.53475,-2.8128
PIGB,0.75635,0.86775005,1.4521999,-1.0839,-2.8973,-1.07625,-0.70325
PDGFA,0.5759,0.54215,0.9967,0.54104996,-3.247,-0.19164999,-0.48655
CASP10,0.025050014,-1.1704,0.15289998,0.104550004,-0.14945,0.06655,1.2729499
GHR,-0.83505,-0.36175,0.32255,-0.61485,-0.8039,-0.51175,-0.39894998
C5,-0.49055,-0.3675,0.9437001,-0.0388,0.72775,0.4847,0.89505
BTK,0.78409994,-0.3931,-1.06455,-0.5888,0.32585,0.5199,0.13889998
RPP38,-0.26270002,0.5397,0.6922,-1.1531,-1.93895,-0.57655,1.5405
SNX7,-0.16595,-0.26839998,-0.12375001,0.9184,-1.32095,0.88975,0.09079999
NOS3,0.13679999,-0.59955,0.090549976,-0.9612,-0.82379997,0.18615,-0.90215
SCYL3,1.59835,0.95885,2.2358499,0.7199,-0.45255,2.54285,-0.32365
ALAS1,0.1804,-0.06529999,-0.1104,1.23165,0.32785,0.098000005,0.37879997
SYNGR3,0.70155,-0.85225,-1.40035,-1.9154999,3.6282501,-0.40545,-0.19155002
BPHL,0.17540002,-0.006900013,-4.47935,0.2012,1.03935,0.85735,0.08469999
POLG2,0.60069996,0.3224,0.03909999,0.010200001,1.0185,-0.03125,0.55350006
NOLC1,-0.9934,0.3279,-0.78285,-1.56805,0.7029,0.78495,0.3096
NFATC4,-0.6268,-0.3528,-0.38639998,0.47455,-1.23885,0.73109996,1.0202
CCNA1,0.1494,-0.2841,0.030449986,0.18094999,-0.07890004,-0.27695,0.62275004
POLE2,-1.7122,-0.55085003,-1.1561,-1.1597,-1.42595,-0.58030003,-0.6537
DNAJA3,-5.0,-0.59424996,-1.00435,-0.257,-0.44120002,-0.33725,-0.1686
FOXJ3,2.53455,-0.17175,-0.39565,0.9653,0.8893,0.4202,-0.73375
RNH1,-0.26255,-0.105749995,-0.100250006,-1.4948499,-1.2925,-2.61915,-2.5116
RAD51C,-0.88745,-0.67665,0.31399998,0.1855,0.83225,0.4536,-0.58739996
EPHA3,0.6226,0.40550002,-0.19975,0.52145004,0.75645006,0.84795,0.63379997
PRKCH,0.087799996,-0.3748,0.70405,0.56075,-0.57295,0.30385,0.88269997
FUT1,-0.1775,-0.51105,-0.47890002,0.23125002,-0.3906,0.27324998,0.4762
ADRB2,5.03165,-0.40649998,0.093550004,0.09035,1.29995,-1.60145,1.957
GABPB1,0.095199995,-0.9563,0.50310004,-1.2758,-1.1812999,-0.15630001,1.18325
EGF,-0.45455,-1.07015,-0.68095,-1.37255,-0.1527,-0.32905,1.53105
KIF14,0.45165,0.44795,3.5134,-0.54885,-0.9791,0.3104,-0.92375004
ETV1,0.007850006,-0.42179996,0.3474,-0.077849984,-0.50124997,0.8092,1.23845
CSNK1A1,-0.16545,-0.70875,0.017049998,-1.44525,1.0591,0.39464998,0.93895
MAP4K4,-0.41555,0.7807001,1.14615,2.69105,-0.9648,-0.1724,0.33844998
GLRX,-0.92555,0.025649995,-0.77455,-1.0357499,9.70735,-1.1686001,1.70735
PTPN6,-0.203,0.46515,0.89085,-1.13315,3.0553,0.48659998,-0.93299997
CPSF4,0.4327,0.1916,0.0679,0.19244999,0.54595,0.056199998,-0.6551
LPAR2,0.8948,0.2855,-0.30975,0.8869,-0.080249995,-0.37835,-0.82905006
DFFB,0.0685,-0.70145,0.22424999,-1.1654,-0.56875,0.22494999,0.6084
SLC35A3,0.2851,-0.03125,1.6574,0.87479997,-0.0131,0.86730003,0.30555
HDAC6,0.6388,0.495,3.4394999,-0.3098,-0.63765,-0.89365,-0.9202
GLI2,0.08175,3.30315,0.7156,-0.12110001,-1.08015,0.57165,0.0776
CDKN2A,-0.38075,-0.45275003,-0.18855,0.20695001,-0.45005,0.29105,-0.66345
E2F2,-2.0251,3.9927,-0.29635,0.020400003,0.59384996,-0.3241,0.57589996
CDK6,-0.0907,0.86385,-0.24279997,-0.58344996,-0.6996,-1.0961499,-1.52225
AKT1,1.0026,0.09625,-0.09675002,0.076900005,0.1541,-0.34075,-1.3647
CASP7,-0.38065,-0.94764996,-0.29895002,-0.75765,1.6173,0.6676,0.8137
TNIP1,2.53635,0.567,-0.60675,0.90779996,-1.7229999,-5.39165,-5.7157
TERT,-0.88265,-0.62,0.50245,-0.75845,-1.5004499,0.1263,0.8629
PTPRC,-0.058699995,-0.1778,-0.5855,-0.6939,0.6362,0.07889998,1.17675
TGFBR2,0.3623,-1.12695,4.74435,1.1232,-0.3072,-0.52585,0.26065
NFATC3,-0.48995,-0.4283,-0.6357,0.50935,-0.61455,3.1062999,1.5511
RAC2,-0.70634997,-0.70044994,0.57155,-0.64825,-0.46205002,0.70875,0.3835
POLR1C,-0.018450007,-0.16694999,-1.50265,-2.00795,0.388,0.16970001,2.1901999
NFKB2,0.029300004,-0.9262,1.2327,0.59389997,-0.40445003,1.235,-0.16145
SYK,-0.15505,-1.1480501,-0.99614996,0.1483,-3.5088,0.40915,0.3886
CASK,-0.55939996,0.18225001,0.10699999,-1.0583501,0.5368,-0.0405,-1.3683
NCOA3,-0.15980001,-0.4479,-0.13695,0.89735,0.56485003,0.10579999,0.4781
PSMD9,0.6035,0.8005,0.30365,1.17415,1.3025,-0.93404996,-1.11835
PROS1,0.06645001,-0.2461,-0.2722,-0.70895,0.4221,0.82675,0.39609998
CASC3,0.08099999,0.001049995,0.4258,-1.03615,-0.30740002,-1.1772,0.07495001
MUC1,-0.54575,-0.9148,-0.2675,-0.58325005,-0.0629,1.3420501,0.31675
ST7,-0.41435003,0.29155,-0.67434996,-0.10405001,-3.3244,-0.58900005,-0.54225004
NVL,-0.09045,-0.79875004,-0.4761,-0.08415,-0.90895,0.5165,0.74125004
MEF2C,-1.072,0.90655005,4.4032,-0.975,-1.35125,-0.2401,-0.2842
CHP1,0.3231,0.11185,-0.10890001,-0.17465,5.81185,-0.76125,3.9758
HMGA2,0.95575,-0.33415002,-0.51199996,-0.04975,-0.18945003,0.88859993,0.87450004
CASP2,0.10460001,1.2390001,-0.74895,-0.75514996,0.1311,-0.86305,4.99345
LSR,-0.0424,-0.5813,-0.56105,-0.17105,1.4604,-0.64285,0.24300002
MALT1,0.22905001,0.453,-1.2393501,-0.26905,-1.20645,-0.1778,0.54855
TBPL1,-0.36034998,-0.5643,0.5946,-0.23340002,7.8190002,-0.66120005,3.1404
CTNND1,-0.52275,-0.41404998,-3.7124,0.28055,-1.5332501,0.6691,1.00625
CIAPIN1,-0.78355,-0.995,1.98665,-0.33315003,-1.52985,1.45375,0.26350003
BAX,-0.9239,-1.21275,-0.28355,0.32675,-0.455,0.4602,0.5667
PPARG,0.16645,-0.14155,-0.7182,-0.4267,-1.61325,-0.1405,-1.1773
SPTAN1,0.49440002,0.29675,0.42855,0.83115,2.3769,0.84205,-0.38835
EIF4G1,-0.22165,0.30885,-1.4269999,-0.81435,-1.17405,-0.2011,-0.66565
VAT1,0.1702,0.18195,0.88585,1.5237,3.6359,0.08164999,-1.3884
MACF1,-0.48495,0.62270004,0.52425003,1.00695,0.8405,-0.46315002,-0.062
PARP1,-0.89495003,0.46095,-1.9554,-0.82295,-0.46600002,0.713,-0.30445
FDFT1,-0.4085,0.10565,0.25975,1.8685,4.5352497,-1.16035,-0.7316
HSPA8,-0.9184,0.97505,-1.7751501,-1.16775,0.2818,0.13554999,0.73765
PDLIM1,-1.4925001,0.33609998,-0.16375,-0.4981,0.83349997,1.01215,-0.21065
EIF5,1.2049,-0.109749995,-1.2344501,-0.92364997,-3.2656498,-2.3286002,1.9179001
CCND1,-1.2709501,1.5637,-0.2736,-1.2564,-3.6052501,0.26084998,-1.2808
TMCO1,-1.2745,0.5833,-0.22185001,-1.3968999,3.2645502,0.1017,-1.1518
OXA1L,0.4917,0.54805,-0.31595,-0.4769,-3.15655,-0.25245,-2.0546
CDC42,0.28955,0.9344,0.68215,-0.4307,-0.4149,-0.3237,-1.5595
TSC22D3,-0.64065003,-1.0664,-0.35684997,-0.73335004,-1.0805,0.3597,2.83025
PTK2,0.1798,0.7671,1.44915,-0.82595,-0.073300004,0.30605,2.35125
ADH5,-0.15470001,-0.18450001,0.79385,-0.6997,-0.71895003,5.0814,0.82315004
REEP5,0.09824997,-0.48764998,0.01415,0.03765,0.3815,1.1414001,0.002750039
DUSP6,1.6287999,0.23355001,-2.365,1.14305,1.73595,-0.26195002,-2.12075
HLA-DRA,-0.40175,-0.56764996,0.0829,-1.0697501,2.19555,0.32999998,1.5491
ATP6V1D,-0.29465,0.3319,-1.191,-1.54695,6.4506,-0.09289999,-0.5519
CYCS,-2.1212,-1.4649999,-0.19690001,-1.4059,1.4477999,0.3358,0.70479995
CAST,1.12285,-0.69715,0.2988,0.87745,-3.43085,-3.6181,-2.33235
LGALS8,0.16070001,-0.0844,-0.58215,0.63414997,-1.16855,-0.1674,0.78115004
BECN1,0.0501,1.31745,0.81605,-0.55305004,-1.3001,0.74765,-0.27345
ALDH7A1,0.049250007,-0.56229997,0.19455001,0.35259998,-0.5729,0.8678,0.19739999
STAT3,-0.5126,0.1579,1.20245,0.07125,2.30905,0.59885,1.2425
DNAJB6,0.15505,-0.10625002,-0.1765,0.08394998,-0.77019995,0.94855,0.9311
COPS7A,-0.46400002,0.37615,1.43,-0.5795,-1.702,0.25695002,-0.25555
PSMB8,-0.6279,0.47385,0.5734,-1.5716,-4.16575,-0.41285,-3.28935
XPNPEP1,0.75119996,-0.044999987,0.1717,0.35315,1.1480501,-0.05265,-2.2435498
RALGDS,-0.3193,-0.05845,-0.0238,0.032849997,-0.33955002,0.4245,0.100600004
CORO1A,-1.0871,-0.10125002,0.11585,0.32395,0.8616,0.9517,0.48465002
GLOD4,0.59875,-0.9439,-1.18265,-0.20155,-2.3972,0.7278,-1.91215
DLD,0.66225004,0.15985,-0.2582,-1.5067,0.67235,-0.38454998,-0.11414999
IFRD2,0.255,0.81255,-0.28785002,-0.099300005,-3.7821002,0.0525,-1.0144999
TSPAN6,-0.73925,0.42264998,0.8189,-1.0194,-1.5433,-0.58704996,-1.669
CDKN1B,0.5702,-0.24120001,1.08305,-3.11515,-3.158,0.010450006,-2.15435
PRPF4,-0.43490002,-3.1382,-5.46775,-0.57519996,0.27005,0.36150002,0.74300003
CYB561,0.9722,0.466,0.090149984,0.7541,-0.98065007,0.36239997,-1.9205501
MAN2B1,0.4448,-0.22694999,0.7708,-1.2119,4.22515,-0.0101,-0.2828
MBOAT7,-0.6533,0.24979998,0.91690004,-0.030250002,-0.27765,0.47900003,0.8066
FOS,-0.42415,0.09580001,0.0969,-0.12205,2.6738,-2.89375,1.16405
TUBB6,-0.07815,-1.34345,-0.77064997,-0.2928,-2.0112,0.45545,-0.11735
CBR1,-1.01535,0.38585,-0.64965,-1.5448,0.74560004,1.5867,-0.06080001
MFSD10,-0.24755001,0.3986,-1.54155,0.6198,0.6336,-0.41640002,-0.92920005
SORBS3,1.46705,0.15075001,-0.33669996,1.09655,-2.251,-0.9834,-1.1223
SMC3,-0.66975003,-0.6617,0.12325,0.43505,-0.044449985,-0.3186,1.0604
SFN,-0.9928,0.61925,-0.07135,-0.5605,-1.13035,-0.24870001,1.0708001
NR2F6,-0.26315,0.1853,0.5119,1.02725,-1.8412,0.75944996,-0.5441
TSPAN4,1.13825,0.90085006,-0.10285,0.0417,1.27335,0.12900001,-1.84305
GADD45B,0.84435,-0.28294998,-0.55840003,1.4718001,2.5257,-0.39725,3.34075
PSIP1,-5.3127,-0.32029998,-1.21065,-0.8197,1.9031,0.5716,-0.3276
IKBKB,0.25465,-0.32675,0.64765,-1.2883999,-1.3102499,-0.70989996,0.36925
BAD,0.61015,-0.8178,0.86425,-0.716,1.6146,0.5159,0.0739
STXBP2,1.3607,0.6663,1.5441,0.16530001,-2.74355,-0.2643,-1.32885
ABCC5,0.8416,-0.46779996,3.92325,0.64795,0.91095,-0.42345,1.3125501
KIF2C,1.30675,0.3566,5.7484503,-0.012249991,0.62575,-0.3608,-0.49255
GRB10,-0.34939998,0.44035,4.2592998,0.41455,-0.2282,-0.31725,2.3541498
ARHGEF2,0.73835003,-0.0578,-0.61535,0.95505,-1.28945,-0.88335,3.7761497
AURKB,0.02155,0.23379996,1.0955501,1.1336,-1.2639999,1.2579501,-0.3071
MKNK1,-0.4412,-0.26485,-0.1134,0.5988,-0.12200001,0.52795,0.80625004
RPA3,-1.12355,0.6014,0.38225,0.39095002,1.9396499,-0.5291,-3.0872002
RAB27A,-1.1019499,-0.74825,0.069599986,-0.58605,-0.7328,-0.31715,1.0994
HDGFRP3,-0.043149993,-0.82334995,0.46480003,0.7953,0.004350007,0.67785,0.18615
GSTZ1,0.49659997,1.17925,0.6444,0.24835001,-1.5645,-0.79760003,0.183
RRS1,-1.10895,5.5256,-0.93630004,-2.11555,-1.54075,0.39745,1.26975
EED,-2.01565,0.72889996,-0.66155005,-1.4874,-0.4668,0.19385001,-1.1252999
GNAI1,0.0687,-0.78814995,0.44695002,0.3953,-0.67139995,-0.75560004,0.33185
PRUNE,-0.27779996,0.16135,-0.509,-1.12965,1.9435,-0.2897,-1.0340999
EPHB2,0.27695,0.016600002,-0.1574,0.4738,4.01765,-0.9368501,-2.01505
GATA3,-0.53195,-0.5589,-0.35725,0.47045,4.58525,4.792,0.07695001
ACAT2,-0.73295,-0.93430007,-0.22715002,1.0788,-0.38095,0.50479996,-4.83665
PAK1,0.76465,-0.7898,0.377,0.3558,0.8585,-0.61800003,-0.25739998
CETN3,-0.4416,-0.4986,2.93315,1.1178,-1.8285,0.4659,-1.9059
CBLB,-0.2058,-0.71365,1.12675,0.10265,0.006300001,0.57365,0.31239998
GATA2,-0.49505,3.4137998,-0.27584997,0.8312,-0.8922,0.41640002,-1.70875
TGFB3,-0.2691,-0.15860002,0.51045,0.40225,-1.23675,0.5927,0.60494995
CXCL2,-0.8085,0.5255,-0.1697,-1.00745,-0.9095,-0.6691,4.456
HIST1H2BK,-1.0274,0.24325001,-0.8033,-0.28385,1.2501,0.53559995,-3.3736
ANXA7,0.89339995,-0.59955,0.3569,-0.0925,0.7161,-0.49054998,2.1201
SPP1,-0.6922,0.3135,-0.66135,0.52,-0.24739999,4.43505,-0.12685001
PUF60,-0.052150004,0.24324998,0.37725,-0.5782,-3.9474,-0.14899999,-2.1118999
CFLAR,0.7275,1.3455,0.76285005,0.56475,0.95445,-0.6193,0.18345001
PRKCQ,-0.4031,-0.86015,-0.17365,0.1205,-0.87904996,0.3255,4.55375
MAPK13,0.86455,0.438,0.4797,-0.13705,-2.7670999,0.0665,-1.8362
FYN,-0.122499995,-0.8331,-0.74465,-0.5764,2.44035,1.4723,0.80635
RPL39L,-0.58785,0.35355002,0.2083,-0.23195,-0.84855,-0.15405001,-0.48015
PLA2G4A,-0.12695,-0.64890003,-0.83425,-0.03590001,0.16395,-0.78365004,1.04855
DYRK3,-0.4019,-0.55965,1.7032499,-0.20415002,1.5469999,-0.15020001,0.27719998
ME2,-1.0408499,-0.4092,0.01845,-1.00125,0.5043,5.19785,0.97789997
ACLY,-0.4349,1.08375,-0.4389,-0.31840003,0.36560002,-0.7162,-1.1333001
CHEK2,-1.23085,5.06975,0.30785,-1.1105,0.5662,-0.46745,0.3962
GPER1,0.3596,-0.87475,-0.7637,4.73585,-0.1658,0.83115,1.12585
HMG20B,1.0536499,0.3924,2.6037,-0.1281,5.08825,-5.19975,-2.87725
LYN,-0.98204994,0.32295,-0.11245,-0.33955002,-0.5193,-0.6245,-0.38095
GRB7,0.5977,0.28005,-0.08475003,0.34489998,-1.2328501,0.35355,0.76155
DHRS7,0.6383,0.124,-0.153,-0.769,-1.8492,-1.0313,-0.68825
TPM1,0.6375,0.29839998,0.2709,-2.8212001,-0.57715,-0.24215001,0.98685
HSPA4,-0.4237,-0.95255005,-2.01025,-0.5481,1.89385,-0.08654998,0.8051
MLLT11,-0.1084,-0.44285,-0.028249979,0.034500003,1.41495,-1.62115,1.86205
CDK7,2.5401,-1.00495,0.1448,1.33675,3.3871002,-0.65405,0.94745004
RAE1,-0.7101,0.36554998,0.76555,-0.000349998,0.014599979,-0.14755,1.9735
BMP4,2.02935,0.34080002,-0.77305,2.2137,-4.3151,-0.12115,-1.48375
BDH1,-0.2577,0.48104998,1.2214999,-0.58385,-1.92505,0.90094995,-2.9905
BID,-0.64325,-0.17899999,-0.9197,-0.4384,-1.8344,0.24825,1.13915
BLVRA,-0.03515,0.14215,0.96825004,0.013149992,3.86995,-1.0246,-4.32245
LSM5,-0.2664,0.33935,0.044750005,-0.2726,-5.06705,-0.119150005,-3.0752
TXNDC9,-0.77995,-0.3053,0.33295003,0.1469,-1.06615,0.7347,1.6631
MTA1,1.6733501,0.2753,1.46105,0.71305,-2.37855,-1.4666001,-0.21625
CXCR4,-0.9138,-0.70065,-0.19945,0.3397,0.50605,0.01625,1.1198499
COL4A1,-0.4197,-0.74740005,-0.84485,0.16450001,-0.71645,0.36975,0.92649996
RNF167,1.4764999,-0.62285,-0.49725,1.0087,2.92205,2.0344,-0.060050003
WIPF2,2.73425,-0.23744999,1.028,1.69915,2.88655,-0.79485,-1.464
TBC1D9B,0.171,0.80039996,2.1999998,0.63505006,-0.78365,0.55235004,-1.03395
ADGRG1,0.41910002,-1.2691,0.45534998,-0.2671,-0.49235,-0.0573,-0.23600002
HN1L,0.55289996,0.7392,-0.65285,-0.0317,-1.6442001,0.45264998,-1.43255
ZMIZ1,1.00395,-0.1375,-0.08485,0.2684,1.97745,0.46085,0.7553
PDS5A,0.14194998,-1.4937501,0.0731,1.7584,-2.1335,0.0636,0.71805
IGFBP3,-0.6657,-0.9371,-1.00695,-0.84175,0.2367,-0.18755,0.9453
XPO7,-0.1327,-0.6914,3.3519,-0.146,-1.26095,-0.65070003,-0.3473
CRKL,0.4998,0.14004996,-0.21125002,-1.0503,-2.8827,0.6856,1.0646
COG4,1.3298,0.045100003,-0.6674,-0.84730005,1.165,-0.1556,-0.06365
H2AFV,-0.14495,0.44335,1.0012,1.7720499,0.45769998,0.3887,1.0486
FBXO21,0.17125,-1.62105,-0.91425,0.097550005,0.32445002,0.45845,-0.087850004
ATP2C1,0.5288,-0.67,1.2767,0.06349999,0.10805,-0.90335,1.5634999
TMEM97,-1.71355,0.2145,-1.1978,-0.65935,1.2032,-1.36055,-3.21965
SUZ12,-0.4679,0.81235003,-1.2035,0.09129998,-0.37944996,-0.49089998,0.34724998
TXLNA,0.013799995,1.1431,0.6532,-0.5955,-0.4311,-0.2121,-1.3018
TFDP1,-0.2981,0.096599996,-1.3225,-0.43505,-2.5528998,-0.1602,-1.232
VGLL4,-0.34535,-0.2087,-0.001399994,-0.09674999,0.14925,-0.34625,0.31965
UBE3B,-0.36650002,0.9008,1.2854,-0.74300003,0.5298,-0.69264996,0.97945
KIF1BP,0.54505,0.57695,0.010550022,0.36275002,-0.10255,0.1406,-0.22059998
SPRED2,1.5701001,-0.57615,-0.5199,0.9528,0.77180004,0.19044998,0.82945
KAT6B,-0.39380002,-0.59765,0.42225,-0.44085002,-1.1212499,-0.96645,-0.25455
GPATCH8,0.4422,-0.3467,-0.14560002,0.3975,0.035800003,0.0185,0.91095
ADO,0.23035,0.08220002,0.39015,0.16845,0.35535,0.007750005,-0.7829
ATP11B,0.040299997,-0.72355,0.31375,0.36969998,-0.6885,0.58365,0.35149997
ZNF451,0.5997,-0.48885,0.84075,-1.04445,2.3773499,-0.027350001,2.13575
RBM34,0.38925,0.67265004,0.06334999,-0.82165,-0.46505,-0.40545,0.67745
ARID5B,0.39325,1.0270001,1.1422,0.59615,0.7518,0.063549995,-0.4143
CHN1,-1.166,-0.57935,-0.56145,-0.45255,-0.53185,-0.55715,0.061150014
MAPK1IP1L,2.13215,-0.231,-0.22075,-0.5669,0.54345006,0.85730004,-0.4268
DHX29,-1.8626001,-0.4785,-0.009849999,-1.4373,2.4784,-0.40195,0.0428
JADE2,1.0225,0.81105,0.4312,1.1217,-2.9282,-0.4841,2.66335
TIPARP,1.19155,-0.43145,1.0511,0.43085,1.08055,-0.759,1.1889
KDM3A,1.1368,-0.1105,0.7667,1.1284,0.053099997,-0.6373,0.1924
PCCB,-1.2880499,-0.58100003,-1.8865999,-1.40065,-0.67620003,0.3947,-0.90925
PLEKHM1,0.007849991,0.90095,0.3024,0.60040003,-0.9511,1.8556,0.35904998
JMJD6,-0.82159996,0.83765,-4.97425,-0.03189999,-0.39975,-0.3231,0.54534996
PIK3R4,-1.3445001,0.2068,-0.31425,-0.8926,0.69775,0.23595001,0.09835
CAMSAP2,-0.50715,-1.1715,1.22545,0.10849999,0.45310003,0.4523,0.2471
KIAA1033,4.20905,-0.61255,0.2909,2.1465,4.2766,0.077849984,2.78505
SLC1A4,-0.737,-0.43165,-1.0953001,0.08499999,-0.3002,-1.74255,1.4382
ASCC3,-0.87819993,-0.07715001,-0.14959997,0.03825,-0.47564998,0.13575,-0.7655
SLC25A46,-0.000100002,0.2456,0.15740001,-0.64105,0.070199996,2.6924,1.41745
RRP1B,-0.75280005,0.67715,0.08135,-1.6479,1.61475,-0.20515,-1.3489
AXIN1,0.11325,-0.43115002,0.7023,0.12444999,-1.1373,-0.3051,-0.24880001
DCUN1D4,0.013700001,-0.83725,-0.3901,0.6551,0.4121,0.252,-0.24375
MAPKAPK5,-1.6522,-0.2905,-1.2004,-0.23615,-0.1088,-0.7398,0.53534997
C2CD2,4.3354,0.97349995,-0.018299997,-0.36325002,-0.87465,-0.70935,-1.7389001
WDR7,-0.46824998,-0.32215,-0.4747,-0.77744997,0.6931,-0.43159997,1.2107999
SUPV3L1,-0.36265,-1.1967,-0.5991,0.38725,-1.35635,0.23539999,0.52665
CDK19,0.9814,-0.19,0.2938,0.73285,2.2662,1.3138,-0.6203
THAP11,-1.14425,-0.09930001,0.47140002,-1.0181,-0.40925,0.56465,-1.1216
C2CD5,1.5152,0.83005,0.10800001,0.1513,-2.1835,-0.287,-1.56735
POLR2I,-0.44730002,0.67585003,0.60555,-1.1052,0.4717,-0.03220001,-3.3538
RFNG,-0.15814999,-1.2048,1.7612,-0.0747,0.49975002,-0.73665,1.04485
RPIA,-1.09055,1.1665001,-0.37800002,-5.3493,-0.57235,0.50185,-2.0108
TLK2,-0.67614996,-0.43684998,-0.49155,-1.26,-0.7371,-0.9838,0.9281
TIAM1,0.63085,5.25035,0.68705,0.088700004,0.55195,-0.57629997,0.60205
HOXA10,-0.04789999,0.059849977,-1.8177,-2.19325,0.33435,0.012499999,-3.7055
COG7,0.0634,0.43199998,1.44765,0.47885,-1.0903001,-0.5648,0.48555
TICAM1,-0.29935,-0.3229,1.4493,0.59,-1.91095,-0.028750002,0.53685004
KLHL9,0.0366,-0.45870003,-1.3115,-0.29195,-1.84305,0.04015,2.1849
SNX13,0.34485,0.028899997,-0.86525,-0.306,0.12669998,0.15765,1.6646
SRC,-0.006949998,0.64925003,-0.37899998,0.4188,0.16745001,-1.25605,0.058399975
GDPD5,0.65,0.454,-0.4415,0.7877,1.94765,0.57935,1.69865
PLCB3,1.8138499,1.1802499,-0.16255,-0.006350011,0.6871,0.6916,-3.21365
TBX2,-0.48065,-0.0661,0.28225,0.37614998,0.53275,-0.01455,1.06355
APBB2,-0.2926,-0.49484998,0.3721,0.5319,-1.3734,0.0981,1.3596
FCHO1,-0.53825,-0.6099,-0.5743,0.43800002,0.44475,0.5692,0.80275
FAM69A,-3.17695,-0.57089996,0.867,-4.5333,-0.75505,0.135,0.74660003
ASAH1,-0.4287,-0.115100026,0.49414998,-0.39165002,-0.003800005,-0.22755,0.921
SMARCA4,0.42725,0.7176,0.93770003,-1.9646,-0.6661,-0.043649998,-2.5993
SOX2,-0.547,-0.9567,-0.37025002,0.82954997,-0.88005,1.0244501,0.4627
HOXA5,0.37080002,0.6665,-0.37420002,-0.4657,0.26375,-0.23539999,-1.007
TMEM110,-0.36765,2.9199,0.11380002,-0.63485,2.9843,-0.54335,-0.1342
ATP5S,1.5890499,0.44575,2.6859498,-0.029699981,-0.49425,1.4878501,-1.38445
TBC1D31,2.67075,1.3569499,1.68175,1.05125,2.37605,-0.69885004,1.8458
NFKBIB,-0.38105,-1.2289,-0.54245,-2.7185998,-0.78480005,-0.7762,0.72535
CTTN,0.503,0.65665,-0.5256,-0.019949999,-0.08550001,-0.82325,-1.1101
PARP2,-0.8365,0.5856,-1.2346,-1.32085,-2.5640001,-0.8951,0.45389998
AKR7A2,0.61439997,0.33475,0.1398,-0.77965,1.6452501,0.0695,-3.1690998
ACAA1,0.54595,1.8457,-0.24694999,0.16049999,1.0730001,-0.40525,-0.6485
SPDEF,-0.3737,-0.6622,0.19354999,0.424,-0.94485,0.47805,0.2879
RALA,0.121049985,0.748,-1.48855,1.602,1.63375,-0.7738,-0.141
ETS1,0.18695,-0.52395,0.061100006,0.7473,-0.2509,0.4718,0.4433
CCNB1,0.6015,-0.1581,0.20915,1.1412001,-2.00815,0.5723,0.72405
ZNF131,0.67795,-0.3104,-0.1794,0.8058,0.3323,0.9373,-0.88495
FEZ2,1.2498,0.46795002,0.41970003,3.52685,-0.54375,-0.102,-0.33625
NSDHL,-0.3572,0.6784,0.031050004,1.04805,0.93285,-0.35854998,0.62135005
DNM1,0.17954999,-0.3657,-1.0228,-1.3029499,3.5153,-0.37535,-1.7406499
UBQLN2,-0.67305005,-0.0914,0.43285,-0.33845,-1.3752999,-0.2507,0.89465
MAST2,1.62035,0.36295,2.2911,2.3933,0.12834999,-0.05095,-1.44575
TRIM2,1.3659,0.17559999,0.1929,-4.62935,-1.3061,0.7095,1.0758001
IGHMBP2,-0.37555,-0.1296,0.5828,1.4651,-0.10785,0.50299996,1.4999
NR3C1,0.51905,-1.08395,-0.008300006,5.14185,0.29325002,0.25239998,0.5381
PPP1R13B,-0.2171,0.08315,1.5316501,1.27955,-0.2495,0.56630003,1.1474
CCL2,0.556,-0.9009,-0.19780001,-0.4296,0.51835,0.37425,1.82795
ERBB2,1.8123,-3.6622,0.4433,1.25005,-3.0854502,0.13865,-6.52655
RRP12,-0.238,-0.4627,0.65320003,0.48285002,1.73485,-0.1277,1.5311999
HOMER2,-0.24445,-0.7713,-0.0523,0.06635001,-0.18495001,-1.0356,0.29865
VDAC1,-0.33885,0.36945,-1.3817,-0.31699997,-2.38115,-0.57989997,-2.62745
HERPUD1,-0.14525001,-0.46615002,-0.74445,-0.3795,-0.88165,0.015650004,2.1689
GAPDH,0.3342,-0.38505,-0.050850004,1.0991,0.080249995,0.76185,-0.6949
HLA-DMA,-0.22384998,0.26615,-0.6279,-1.2697,-0.3402,4.5254,-0.8439
IDE,-1.0798,3.6564,-0.8396,-0.4959,-1.44245,0.29085,2.1907
NGRN,0.5180501,-0.04795,-0.79620004,0.5925,-0.5162,0.58,4.95505
CNDP2,0.26929998,-0.27535,-0.07425,0.04375,-0.87434995,0.87090003,-1.8442
TM9SF3,0.90755,0.3467,1.9138999,-0.0012,-1.13905,1.01635,1.2734
ADI1,-0.25655,-0.48145,1.2325001,0.18005,-0.55085003,-0.04729998,0.77129996
RAB31,-0.007499993,-0.7068,0.17764999,4.95575,1.5943,-0.1385,1.1724
TMEM50A,1.6045,0.26235,0.9229,1.6355,2.0863,-0.6103,-1.872
HACD3,-0.38295,-0.13505,-1.1991,-0.15255001,-5.44575,-4.85105,0.69955003
YKT6,-0.13575,0.8015,0.1365,-0.24129999,0.57879996,-1.3734,-0.14825
SNX6,1.7016,0.4353,0.92885,1.31405,0.39405003,-0.37685,-0.53284997
BZW2,-1.11345,-0.63565,-0.1303,0.3908,2.31425,0.5922,0.22105002
UBE2J1,-0.1776,0.85555,0.25295,-0.22829999,-1.1867,-0.2348,1.4901
EVL,0.0,0.19255,0.44210002,0.73785,0.31065,-0.071749985,0.071150005
BACE2,1.50975,0.4035,0.75775003,2.0978,2.5970001,-0.1698,-1.23475
MIF,-0.33725,0.77305,-0.6745,0.1766,-0.33725,0.0,-2.76085
PIH1D1,1.18575,-0.2035,0.45195,0.39955002,-0.73355,-0.0688,-0.83655
CAB39,1.48955,-0.089349985,-0.1832,0.25085002,2.41345,-0.043250002,0.7149
IARS2,1.0764,-0.0885,-0.050799996,-0.99185,1.4089501,0.0502,-0.7311
DSG2,0.62975,-0.20475002,-0.60134995,0.07525,-1.375,-0.21994999,1.9395001
KLHDC2,1.9461501,-0.39,1.5699,1.47065,2.9408,0.32185,-1.2946501
BAG3,-1.25165,0.26880002,-0.58645,-1.1017001,-0.9427,-0.325,2.0836
CNPY3,-0.21474999,0.30205,-0.5133,-0.2913,-0.8566,-0.078449965,0.15445
LAP3,-1.0544,-1.03965,-0.20399997,0.1091,0.97405,-0.26405,-0.30084997
STUB1,1.19205,0.4857,0.87004995,0.4542,4.1009,0.6745,-6.5963497
NOSIP,-0.64985,0.39135,1.2146499,-0.44,5.0242996,-0.003900006,-0.4402
ENOPH1,0.45455,-0.29279995,-1.1219,0.0,1.5502,0.63,1.09595
HSD17B11,2.5197,0.19405,0.66205,1.86075,-0.26705,-5.38535,-2.5237
SQRDL,1.7490499,0.0744,5.33275,1.82235,0.14970002,-0.4153,-0.17845
MRPS2,-0.6287,-0.07734996,0.17705,-0.34985,-1.28265,0.2637,0.49215
NUP85,-0.48180002,-0.007999998,0.061399996,-0.71465003,-4.33075,0.0159,-0.89805
FIS1,0.08160001,0.5169,0.36575,-1.40305,-0.45095,-0.12965,-2.8101
NUSAP1,-4.44995,-1.18065,3.2916498,-0.021400005,0.03835,-0.48845,0.158
MRPS16,0.22335,0.5845,1.1014,-0.63629997,-1.679,0.18035,-1.79075
UFM1,0.20375,0.028300002,0.3701,0.81235003,4.97415,-0.25915003,0.73635
NT5DC2,-1.17915,-1.1841,0.31170002,-1.6858001,-0.093299985,0.39255,-0.28635
AKAP8L,-0.14135,0.9168,1.6939,0.559,0.12365,-0.39535,-0.5873
NPDC1,0.7651,0.48765,0.81265,-0.2901,1.3193,-0.2226,-2.58025
ANKRD10,0.0361,-1.2866,-0.8934,1.2525,0.027199995,3.6061502,-0.10980001
DERA,0.5069,-0.2164,-0.33845,1.21725,-1.0543001,-0.09745002,-1.21745
TEX10,0.2387,-0.44799998,-0.20330003,-0.023349999,-0.58325005,-0.026350006,-0.07624999
UBR7,-0.78305006,0.80235,-1.2592499,-0.8441,2.64795,0.68585,-0.4979
TMEM2,0.85595,-0.21625,-0.1359,0.55085003,1.5397,-0.99574995,-1.45825
TRIB3,-0.1048,-1.33225,-1.18945,0.7033,-0.61635,-0.20365,1.6601
ZNF395,-0.2834,0.64075,-0.32375,0.5643,-2.4909,0.86395,0.55515
ADCK3,0.33675,0.107700005,-0.24285,0.542,-0.19509998,0.07564999,-1.1156
ISOC1,-0.34974998,0.06999999,0.25485003,0.56624997,-1.4223,0.3215,0.26599997
CCDC92,1.40065,0.020750001,1.30475,0.18540001,3.38785,-0.21540001,-2.2093
GOLT1B,-1.14955,-1.11935,-0.78970003,0.16645,-0.7845,0.47085002,1.12715
SCAND1,-1.9319,0.4415,0.120450005,-0.46075,-0.14229995,-1.7859,-1.43765
NR1H2,1.66085,-0.8648,0.085999995,0.36495,-1.28485,1.99955,1.6458
TSKU,-0.70485,0.29005,0.3245,-0.42380002,-1.5653,0.2827,-0.18985
ZDHHC6,-0.20684999,0.76585,-0.74555004,-0.45505002,3.11375,-0.65525,0.77895004
PLEKHJ1,0.63405,0.94375,-0.30345002,-0.63125,-0.8607,-0.021550002,-1.1176
PRKAG2,-0.34175003,-0.2567,-0.9398,-1.1152,1.5118,0.30305,-0.0467
TIMM9,1.2017,0.3357,0.83325005,-0.14520001,-0.059300005,-0.50755,-1.6478
SESN1,5.354,-0.5192,5.7941,-0.55215,0.4301,0.22219999,0.25460002
GMNN,-2.5848002,0.66094995,1.4428,-1.4374,1.52245,-0.08105001,-0.6395
CRELD2,-0.3349,-0.52175,0.7845,-0.6394,0.8898,-0.13375,0.8258
NUDT9,-1.339,-0.91760004,0.2277,-0.83365,0.69449997,0.18645,1.0295
CDCA4,-0.6222,0.71465003,-0.35735002,0.6867,-0.46965,1.2256,-1.21615
NENF,0.4702,0.48229998,-0.17430001,0.31980002,2.2347,-0.39545,-2.32655
CERK,-0.49620003,-0.26795,-0.6283,0.27265,-0.1803,1.3454499,0.40315
DNAJC15,1.3311,-1.0768,-0.38819999,-0.063099995,-0.4614,0.00085,-0.26604998
HEBP1,0.77085,1.17165,3.0896,0.71199995,2.9098,-0.46495,1.36725
DNMT3A,-0.5327,-0.50699997,-1.17355,0.4835,-0.87975,0.85045004,0.18684998
KCTD5,5.7177,0.007750005,5.3973,0.65279996,5.00375,-0.41955,4.5162497
ERO1A,1.3522999,0.24405,0.32355,-0.97105,-0.68189996,-0.16415,-0.31800002
CD320,-0.6416,0.55974996,-0.2471,-1.82245,-0.48525,0.2074,-0.1858
DHDDS,-0.64505,-0.8057,-0.3619,-0.16455,1.6396501,0.11345,2.6448998
CHMP4A,1.11985,-0.4359,0.6157,-4.77105,-4.40135,-0.3881,-3.10775
ABHD4,-0.3087,-0.9578,-0.08485,0.60735005,0.3506,-0.050500005,3.24075
TCTN1,1.15435,-0.11569999,1.1665,-0.18305,0.18255,2.3941,-0.89985
HEATR1,-0.2898,2.23625,-0.001049995,-0.21204999,-0.10705,1.9214001,-0.16370001
CISD1,-1.1611,-0.41105,1.8044999,-0.2032,2.1305,1.0307,-0.35645002
SUV39H1,-0.20289999,1.1775,1.76705,-0.4541,-4.366,0.21864998,-2.74585
VPS28,0.3993,-0.78165,2.1996,-0.6667,-3.2685,-0.110599995,-0.95669997
EXOSC4,-0.98899996,-1.42725,-0.69474995,-2.6038,-1.5110999,-0.1101,0.015400022
NARFL,-0.52935,0.13419999,4.25655,4.8940496,-1.63965,0.81315,1.5020001
CHMP6,-0.20055,-0.02975002,0.97015,0.30385,-0.88329995,-0.273,0.047399998
PACSIN3,1.1549,-0.40315002,0.77664995,-0.61765003,-0.9637,-0.49289998,0.08285
KIF20A,1.03205,0.68700004,3.9573,-0.8046,-1.8678501,0.1421,-1.4604
HOOK2,0.92585003,0.37629998,-0.19975,0.31495,-0.44169998,-0.24960001,-1.08885
TXNL4B,0.43580002,0.88705,-0.004999999,-1.0802,1.05965,-0.080250025,1.46955
VAV3,4.8993,-0.83665,0.25865,-0.7287,-0.44945,-1.26945,0.11719999
SLC35F2,1.17635,0.5254,-2.5861,0.98625,-3.4675999,-1.5810001,0.1438
DUSP22,-0.43485,-0.16235,0.68525,-0.26435,-0.25024998,-0.5559,-0.46095002
IGF2BP2,1.4372001,0.028550014,0.5838,-0.43435,-0.94180006,-0.036799997,-2.27435
PPP2R3C,0.0933,1.0131,1.41535,-0.5449,-0.24514998,-0.80935,-0.1167
TNFRSF21,1.6489999,-0.5898,-0.46875,1.82475,-0.20535,-0.42345,0.49005002
FAM57A,0.48705,-0.7842,-0.4194,0.42745,-2.3074,0.09684999,-0.17754999
NOTCH1,-0.6628,-0.010399997,3.8814502,1.4993501,0.3316,1.5875,-0.46295
ANO10,0.89015,-1.3274,1.1854501,0.3123,1.2534499,0.06164998,-0.06115
PNKP,0.53215003,-0.3876,0.89495,-1.096,1.381,0.33265,-1.4223
EDN1,0.77255,-0.44924998,0.61515,1.70065,-1.39955,0.3318,-0.17764997
FASTKD5,-0.015200004,-0.32055,0.37725,0.765,1.2742,0.85429996,0.87295
METRN,0.51524997,-0.2237,0.19755,-1.5313,2.556,0.0544,-3.16105
LAGE3,-1.13675,1.1626999,-0.023150012,4.8116,1.17635,-0.39605,-2.4236
PXMP2,-0.044850007,0.26945,-0.1269,-0.1591,-0.0501,-0.16534999,-2.7903
AMDHD2,0.98055005,-0.4426,0.85725,0.12515,3.9365,0.10445002,-1.79515
PRR15L,0.1302,-0.4805,-0.30585,0.44959998,-0.6555,0.67475003,1.1436
FSD1,-0.20335001,0.10835001,-0.51914996,-0.09989998,-0.72690004,0.93569994,1.16465
TIMM22,-0.49765003,0.25544998,-0.85679996,-0.13985,-0.1816,0.030350015,0.92945
FBXO11,-0.4812,-0.75115,5.16145,0.21895,-0.88495004,-0.34024996,0.98379993
RBKS,0.095699996,-0.21555,-0.18954998,-0.8076,5.4970503,0.45749998,-0.10750002
CHAC1,-0.55555,-0.81315,-1.0232999,-0.99215,-2.15925,-0.35185,1.11965
MSRA,-2.15655,-0.21779999,-0.3649,-0.29045,1.1176999,-0.28645003,0.104049996
HERC6,0.21105,-0.30065,1.4512501,-0.66760004,-2.7034001,-0.069450006,-0.9236
MTERF3,-0.30475,-0.6526,0.14194998,1.01195,-0.023200005,0.56765,0.41175002
ADAT1,-0.5751,-2.186,0.09094998,-0.043199986,0.92815,0.16995001,0.92435
FKBP14,-0.49080002,5.0143,-0.28260002,0.043300003,6.0038,-0.53765,5.3637505
PAK6,0.63105,-0.14585,0.69355,0.06875,-3.1662998,-0.13035001,-3.0653
PSMD10,-0.76030004,0.74035,0.23885,4.3038497,-0.46034998,3.4383001,0.25535
CHIC2,1.0408499,-0.48125,-0.39284998,1.47245,0.3418,0.34105003,1.04495
LRRC16A,0.35855,0.7562,-0.054399982,0.21755,0.4109,0.95985,-0.005450003
TSEN2,-1.122,-0.60459995,-0.7146,-0.63675,0.9789499,0.42115,0.43625003
ZNF586,-1.6631001,1.77685,0.03655,-3.7107499,-0.08984998,-2.29,-3.999
PRR7,0.7963,1.30125,0.66050005,-0.2568,-3.00765,-2.16665,-4.12825
GFOD1,-0.70995,-0.58925,-0.36120003,-0.11534999,0.43229997,0.22185001,0.84284997
SPAG4,-0.259,-0.49035,0.3987,0.32784998,0.055150002,-0.64905,0.034749985
MCOLN1,0.45985,0.38775,0.8275,0.22109999,5.3280497,4.21905,-1.813
ZNF589,-0.8967,-0.71035004,0.3444,-0.1385,0.24694999,1.1633501,0.43395
SLC2A6,-0.344,-0.17945,0.23474999,1.0236,1.8586,0.68275,0.75845
MCUR1,-0.4842,0.26275003,1.5486001,2.80145,-0.10355002,-0.10365003,1.8588
FBXL12,0.2903,-0.414,-0.42880002,0.109850004,-0.057799995,0.1067,1.73965
SNX11,0.06835,0.97295,5.09875,0.3196,1.06985,-0.65910006,-0.016850002
FAIM,0.5109,0.40019998,0.2141,0.59419996,0.08824998,-0.23655,0.45959997
GTPBP8,1.83235,-0.4222,0.15135,0.2698,-0.7753,-0.6259,-0.40129998
TLR4,-0.64384997,8.18195,-0.08364999,3.3172002,-0.6952,5.15535,0.3362
DENND2D,-0.27210003,-0.27414998,0.7434,-0.59485,-2.4089,0.075550005,-0.84585
PECR,-0.3192,0.73665,0.68065,-0.7633,2.16465,0.12275,0.78175
ARID4B,0.3056,-0.1365,-0.5361,2.6334,1.4358001,-0.3337,1.7574501
FRS2,-0.034150004,-0.71835,-0.70515,0.8085,-0.9316,0.8015,0.4012
ITFG1,0.6926,-0.573,0.07619998,-0.24215001,0.33725,-0.72505,1.2129
BNIP3L,0.95790005,-0.20315,0.24005,1.9731,6.57535,0.21785,-1.0093501
ARPP19,1.23595,-0.15995,-0.1956,-0.58015,-0.54205,-0.88479996,0.7207
ATG3,-0.41619998,0.061599985,-1.47645,-0.11595,-0.6062,0.49069998,-1.1544499
UTP14A,-2.6051002,0.33055001,-1.4696,-3.71015,-2.3597,0.3165,0.54315
WDR61,3.1382,0.61015,0.285,-2.1560001,1.1194501,0.07090002,-0.39525002
EIF4EBP1,-2.52175,-0.000799999,-1.5111,-0.66765,-1.1827999,-0.5499,1.6327
GRWD1,-0.35695,1.09975,-2.31795,-2.8113,-2.07115,0.046350002,-0.24215001
ABHD6,-0.92289996,-0.7169,-0.23365,-0.37215,0.37295,0.65375,0.649
SIRT3,-0.60085,-0.01835,0.42380002,0.5096,-0.51925004,0.44385,0.73539996
NOL3,-0.49015,-0.2389,0.18775001,-0.92565,-0.74079996,0.22725,0.22340001
STAP2,0.4591,-0.7061,-0.07165,0.12235,-0.3847,-0.62665,0.51475
ACOT9,1.5256,0.67065,0.92419994,0.8035,0.40285,-0.8839,-0.7424
CANT1,0.89470005,-0.102800004,1.4735,0.2623,0.58195,0.56895,-3.36535
YTHDF1,-0.1588,0.42659998,1.138,-0.019450001,-0.36965,0.356,-0.44795
HMGCS1,-1.2338,0.6042,0.095249996,2.70405,1.9921,-0.36360002,0.89304996
MICALL1,1.2041,0.68375003,0.80979997,0.4068,-3.5002499,0.07179999,-0.60800004
FAM63A,2.2790499,0.031949997,1.4263,4.4629,-0.98155004,0.5749,-0.8314
ATF1,0.34955,-0.4508,-0.13785,-0.34555,-3.1599,0.16075,-0.057349995
P4HTM,-0.1401,0.8785,-1.08145,0.60375,0.00029999,-0.21345,-1.21095
SLC27A3,0.006799996,0.12634999,-0.5033,-0.6393,-0.51665,-0.2683,2.29445
TBXA2R,0.11479999,-0.53785,-0.99445,-0.20255002,0.42879996,0.38985,1.24325
RTN2,0.19240001,-0.48265,-0.30760002,0.33059996,-0.1955,0.47425002,1.1965001
TSTA3,0.63365,0.01659999,-0.478,-0.0345,1.5983,0.15355001,-3.24335
PPARD,-0.3363,-0.5109,-0.97585,1.05985,0.98190004,0.24380001,0.4077
GNA11,-0.55245,0.75415003,0.5822,-0.2406,1.3284,-0.41985,-0.28205
WDTC1,2.9257998,-0.1362,-0.28675,2.2607498,7.6337004,-1.17675,-2.8439498
PLSCR3,0.35625002,4.13295,0.13,0.36205,4.6868,0.22330001,-0.41180003
NPEPL1,1.2119,-0.73625,0.63255,-0.37685,-1.9075501,0.2242,0.63685
