x,216326,5426,57469,5394,42611257,5311,387447
DDR1,-0.100250006,-1.2254,-0.69175,-1.8481,-0.18485,-2.07595,1.60605
PAX8,-0.74039996,0.07475,-0.25925,0.2937,1.75125,-0.54265,-0.9196
RPS5,-0.1513,-0.039100006,0.5845,-0.7504,-0.69705,0.73275,-0.4135
ABCF1,-0.8433,0.004299998,0.4115,-0.1337,-0.119049996,-1.54425,-0.6011
SPAG7,-0.36215,0.15225,-0.63339996,-0.022,-0.02685,-4.3652,0.20615
RHOA,-0.4573,0.22330001,-0.24229999,0.9937,0.47704998,0.18155,-1.1519
RNPS1,0.8466,0.13865,0.15625,0.9543,-1.1047,-0.9721,-1.2141
SMNDC1,-1.7014,0.8347,0.83975005,0.3651,-1.2567,-0.51365,1.363
ATP6V0B,0.31190002,0.0367,0.7809,0.3386,-0.8629,1.8817,0.33314997
RPS6,-0.83165,0.0,-0.3883,0.6745,0.18835002,-1.1689,-2.61705
USP22,-2.9084,0.09375,1.2056501,0.8737,0.45949998,-3.2588,-2.589
APP,0.7334,-1.03595,0.33725,-1.5125,1.6731501,-1.44895,-1.3611
CLTC,0.22095,0.23300001,0.16405001,-0.0232,0.21735,-5.53985,0.3358
MLEC,-0.8271,0.83045006,-0.63625,0.9106,0.55525,2.1767998,-1.76195
CSRP1,-0.2325,-0.42555,0.75615,0.0318,-3.1985,4.26355,4.42365
CALM3,-1.17485,-0.7838,-1.6004,0.4056,0.2651,-0.73805,-0.24175
PTPRF,0.51755,-1.1640999,-0.4806,-1.8868,0.35649997,-0.70509994,1.1862
DNAJB1,0.025099998,0.62405,0.63695,0.0,-3.4503498,3.46325,3.0767
XBP1,-1.37775,-0.29285002,0.23365,0.4216,2.36525,-2.1458,1.0302
GRN,-0.8416,0.7862,0.16495,1.2764,0.9602,1.4897499,-2.11885
HK1,-0.88685,0.74805,-0.43185002,0.8674,-0.63345003,0.29254997,-0.79165006
KDELR2,-0.94695,-0.18535,0.4747,1.1397,0.29635,-0.008249998,0.47495002
SKP1,-1.0216,0.88425004,1.15685,1.0825,0.04759997,2.889,-0.10034996
CAPN1,-1.12085,-0.34705,-0.664,0.6425,-0.9127,-0.86945003,1.0656
CALU,-1.0407,0.8513,0.42295,1.1816,-0.12359999,0.27664998,-1.8445
CTSD,-1.26295,0.94229996,-0.3629,1.2953,0.7657,-1.6184499,-1.447
MAT2A,1.5341,-1.01595,-0.22744998,0.0706,-1.0197,0.93565,-0.63045
STMN1,0.56545,1.9777,0.31655,0.6356,1.22595,-0.58765,-1.3090501
ECH1,0.19639999,-0.4928,-0.7855,-1.7347,0.96295,-2.3189,-0.4726
IQGAP1,-0.2339,0.47280002,0.5051,-1.5199,0.27745,0.514,0.40974998
HSPA1A,0.583,0.2024,-0.496,0.0991,-1.34945,2.82915,4.5066
HSPD1,-4.6658998,0.8229,0.54575,1.1133,-2.12705,0.5665,1.17795
CIRBP,0.88785005,0.33865002,0.40649998,-1.5042,0.79355,-0.009499997,-1.54635
PSME1,0.53165,0.74205005,0.47015,-0.1822,-0.58430004,2.18005,-1.02705
PAFAH1B1,0.33975,-0.30045,-0.115749985,-1.1493,1.0000501,-1.94385,1.4679
HYOU1,0.6939,-1.1037999,-0.78900003,-0.8319,0.40275,-1.0973,0.70845
PSMD2,0.41764998,0.1828,-9.9208,-0.5555,-10.0,0.00065,-4.17115
EPRS,-0.012700021,0.32905,-0.6389,-0.4439,1.7499,0.91664994,1.8557
PSMD4,-0.15635,0.81464994,0.06115,1.3518,-0.22689998,-0.2723,-2.11265
PGAM1,-0.4077,0.37765,0.09825,0.6031,-0.09109999,-0.5954,-2.5699
STAT1,-0.1552,0.079199985,0.7736,0.7276,-5.1111,2.9637501,-0.5018
FKBP4,0.5283,-1.10155,-0.11039999,-1.9075,0.9032,-0.60305,0.5218
KTN1,0.13489997,-0.8041,-0.7597,-0.5126,0.9559,0.43729997,1.6360999
TMED10,-0.023350015,1.6338501,1.40065,1.6471,0.89555,-0.14745,-1.69125
ALDOA,-0.37385,0.45595002,0.7323,1.4677,-0.80939996,0.20225,-1.1204
TSPAN3,-1.2974501,0.2498,0.5363,1.3009,0.3640499,0.6195,-2.8677
GNAS,0.0,0.86985,0.17090002,1.1947,0.2863,-0.2718,-5.13915
HIF1A,-0.04295,-0.82379997,0.41065,-0.491,-0.7056,-1.3230499,-0.69235003
AARS,0.3384,-0.3405,-1.31685,-0.4917,5.15005,-1.13165,0.2654
RPN1,-0.14855,1.0953,0.33725,1.5161,-0.86615,-0.61020005,-0.6862
PAICS,-0.43824998,-0.061949983,0.4995,0.7508,0.035250008,-0.6858,-0.9709
BLCAP,0.4606,1.5737,0.006449997,-0.177,-0.264,1.9995,-0.39305001
HADH,0.95395,0.64765,0.60255,-0.387,0.64835,1.24635,0.38005
GNAI2,-0.6701,0.18435,-0.121850014,-0.2023,-0.80995,1.4024999,-1.83585
PSMF1,-0.4091,-0.47235,-0.89549994,-0.241,-0.3838,-0.893,0.12509999
MYL9,0.4086,0.5949,-0.2209,-1.0141,0.34125,-0.6056,0.5409
MMP2,1.2392,-0.55965,-0.27350003,-1.349,-0.14065,-1.5473499,1.0001
SMARCC1,0.31870002,0.9836,-0.18765,0.1778,-0.012999982,-1.3066499,-0.35995
TM9SF2,-0.99255,0.64169997,0.4128,0.8411,-0.34289998,0.6222,0.39465
PIP4K2B,0.31645,1.9745,0.09759998,1.2689,-1.1092,-1.4725499,-2.0679
PXN,-0.28565,-0.71570003,-0.48139998,-0.5832,-1.4741501,-0.7282,-2.6164
COPB2,-0.78674996,0.79125,0.54925,0.6745,-0.25195,-0.13775,0.3599
PFKL,-0.68615,3.4037,-0.68975,0.8207,9.36355,0.07100001,-1.9468
PGRMC1,-0.35835,0.83204997,0.7639,0.5629,1.3277999,0.80910003,-1.0735
ITGB5,0.3256,0.1599,0.46775,1.3517,-0.46749997,-0.9904,-2.52635
PLP2,-0.14525,-0.22735,-1.5672,-0.8543,1.2282,0.19340003,-0.5452
NFE2L2,-0.52615,0.04765,0.50124997,0.337,-1.99615,-2.73565,-3.0842998
MBNL1,-0.71735,-0.08985001,0.15689999,0.5878,0.77610004,1.22755,0.32155
NMT1,0.0787,-0.12020001,-0.35785002,0.6535,-0.94105005,-3.1416998,-1.1499999
BHLHE40,-0.09635,-0.65645003,-0.8339,0.2126,-0.67209995,-0.2891,-1.21685
TERF2IP,-0.91875005,-0.3145,0.20115,-0.5516,2.16155,-2.1419,0.074999996
FBXO7,-0.2841,1.1408501,0.5349,1.2454,1.5612,-1.08215,-1.90565
HTRA1,0.0353,0.16595002,0.30425,1.1145,-0.46429998,0.30195,0.90395
LRPAP1,-0.84519994,0.51435006,0.4478,1.5345,0.31289995,0.48514998,-1.0301
CREG1,0.66955006,0.85095,1.5094,-0.7271,-0.38639998,-0.17214999,1.555
PCNA,0.32995,0.85204995,0.3996,0.454,0.0,0.7344,-2.14965
LGMN,-1.4329,-0.78955,-0.19505,-0.9086,-0.30089998,2.5795,0.014699996
ILK,0.39815,1.0028,-1.15785,0.8788,-0.80805,1.2683,-0.4543
ATP1B1,-0.63409996,0.5762,-0.60835,1.3037,2.9958,3.89325,0.5012
SYPL1,0.64615,0.08455,0.34064996,0.7802,-1.4114001,-1.08945,-0.7673
TXNRD1,-0.14045,-0.3266,0.4653,-0.4334,-0.7784,1.6270499,2.8014998
NUDCD3,-0.537,0.16215003,-0.2574,1.0937,-2.1571002,-1.89765,-2.15525
TOP2A,0.57185,-0.21650001,0.46505,1.4046,0.3559,-0.98205,-0.70615
STK25,-1.1133,-1.9031,0.36265,0.0,0.017900005,-1.6020501,-0.06584999
EBNA1BP2,-0.86225003,-0.3048,0.782,0.4825,0.03979999,1.1605,-1.00085
ARHGEF12,-1.8465,-0.3594,-0.2541,0.2624,5.21515,-0.26915,-0.053849995
SCP2,-0.3632,1.2930499,1.4871,0.5585,4.952,0.16354999,-1.15955
YME1L1,0.306,0.08345,0.2704,0.4968,-3.0319,1.5476501,0.36220002
TMEM109,-0.2518,0.7344,-1.05955,0.6745,-0.61415,-1.79845,-0.67609996
TPD52L2,2.0641499,-0.2589,-0.45035002,-0.3229,4.0847,0.04715,3.8485498
CRTAP,0.16255,0.46845,-0.96345,0.7074,0.98609996,0.40275002,-0.61495
TRAP1,-0.9636,0.26790002,-0.67015004,0.2446,1.34655,-0.7206,-0.6811
IGF2R,0.4244,-0.6227,-1.33695,-0.5495,0.32795,-0.54995,0.21045
PHGDH,-0.38,0.26585,0.6154,0.0742,4.07015,1.58905,2.0449
LRP10,-0.19375,0.5047,-1.0467501,0.7535,1.1356,0.17280003,-0.51115
SOX4,-0.38405,-0.17020002,-1.0332,2.1583,3.95135,0.50035,-1.4088
CAT,-0.3509,-0.7336,0.36194998,-1.0032,0.48795003,0.11895,-0.96845007
RHEB,0.7222,-0.13984999,-0.19859996,0.187,0.3626,-0.87030005,-1.01845
MAPKAPK2,-0.24835001,-0.5316,-1.03205,0.1833,0.54840004,1.41135,-0.16994998
SCRN1,-0.82009995,0.011600018,0.6869,0.6745,-0.6031,-2.4098,0.060500026
JUN,0.8445,-0.77425003,-0.6303,-0.4029,-0.14960001,0.33595,1.42945
SHC1,0.9705,-0.7861,-0.60995,-0.7752,0.5717,-0.28440002,1.41045
SQSTM1,-0.8398,0.71755,-0.027850002,-0.8176,-0.1265,-0.33725,-0.1359
PRCP,0.44785,0.5919,0.31195,-0.9051,-1.73795,1.25295,0.055700004
USP7,-0.12865001,0.6815,0.29050002,1.363,-0.3951,-0.58085,1.6676999
NFKBIA,0.0823,0.73395,-1.2204001,0.7899,-1.1607,-1.8201001,-0.68114996
G3BP1,0.91985,0.8938,1.24015,-0.1196,-1.71825,0.086200014,-0.72625
TOMM70A,-0.03055,0.20095,0.4977,-1.3791,0.19150001,1.9117999,3.22645
RPA1,0.25265,0.50105,0.3651,0.1113,1.16715,2.60815,-0.25445
ZFP36,0.099399984,-0.69565,-0.60225004,-0.9976,0.04859999,1.48155,0.87490004
DUSP3,-3.56365,0.515,0.962,0.8795,0.5521,-1.1888001,-0.39090002
KDM5B,-1.7282,0.03395,-0.002099991,0.5095,0.37985,0.43870002,0.09375
MCM3,0.6616,0.54885,1.0531,1.1146,0.955,-0.35125,-1.9058001
CLIC4,-1.6286,-1.2259,-1.7044001,-2.7001,-0.27284998,-0.9811,0.6396
CLSTN1,0.14199999,0.54205,-0.59735,-0.3932,0.34395,0.9887,-0.158
ID2,-0.11659999,0.60555,0.26515,1.5511,0.48549998,-0.1469,-1.317
DCTD,0.34025002,-0.020900011,-0.44235003,-1.1179,-0.555,-2.04055,-0.4649
FAT1,-0.18560001,0.17555001,-0.17390001,1.093,-1.34375,-0.123500004,-2.4070501
SMC1A,-0.0632,0.039250016,-0.5312,0.7987,0.76320004,-1.19255,0.90515
NISCH,-0.17555001,0.7704,-0.6379,0.2773,-1.00485,0.5729,0.24440001
PWP1,-0.4866,-2.03105,-1.6427,-0.1666,-0.2444,-0.30144998,-0.2724
ICMT,-0.79095,-0.366,0.3548,0.5424,0.24980003,1.2429,-0.50945
RUVBL1,-0.17395002,0.81340003,0.6023,0.7117,-0.25374997,1.2651501,-1.8666999
MBTPS1,1.03715,-0.56005,-0.85749996,-0.9363,0.67095,0.085099995,0.6144
INSIG1,-0.559,-0.88154995,-0.50075,-0.7377,0.50235,0.8115,1.3648
RRAGA,-0.29080003,1.12745,-0.26790002,-0.5987,-0.6527,1.99365,-2.3815
IER3,-0.8592,0.30175,0.14725,0.366,-8.26375,3.1136498,0.6113
UBE2L6,-0.5033,-0.93625003,0.24759999,-0.3915,-2.01115,0.32569999,0.4875
SMC4,-0.03215,0.87605,0.7521,0.6172,-0.31795,-0.43205002,-0.5492
USP14,0.18744999,-1.5149,-1.2093,0.5648,-0.8887,-0.081,1.33635
EGR1,-0.54975,0.1665,-0.1976,0.8742,-0.39845002,6.07375,-0.9608
PNP,0.24875,-0.36855,-0.7658,-0.5444,1.8204501,-0.7719,-1.0337
DNMT1,0.62185,-0.71815,-0.59435,-1.0172,-0.77205,-2.5935998,0.33525002
CCND3,0.111949995,0.100650005,-0.024300009,0.6156,-2.0,4.6035,-0.80340004
NIPSNAP1,-0.42785,0.10445,0.3713,0.1392,2.0142,2.0575,-2.06605
MYBL2,1.6889501,-0.06305,-0.75405,-0.3263,0.2949,-0.48875,0.66355
EPB41L2,-0.44915003,0.32944998,0.33125,0.7579,0.23820001,3.1866999,0.21644998
ELAVL1,-1.1868,0.10949999,-0.61039996,1.2564,-0.11750001,0.15630001,-0.8538
KIAA0100,-0.6225,0.98205,-0.45395002,2.1098,-0.53959996,1.00805,-0.6571001
TP53,0.16770001,0.72235,0.2686,0.6959,0.50895,-1.3368499,-2.4566002
RPA2,-1.02125,-0.27915,0.21045001,0.4218,0.22744998,0.31645,1.5324
MTHFD2,-0.065850005,-0.9636,-0.30645,-0.176,5.3357,0.86965,4.3008
PSME2,1.1227,-0.3329,-0.8611,0.6058,0.6888,0.015599996,-2.02945
DAXX,1.7146,0.39790002,-0.20594999,0.3881,-0.91385,-1.8133,-0.55385005
ELAC2,1.0435001,-0.13620001,0.011799991,-0.5475,-0.9727,1.2232,1.77735
NCAPD2,0.81025004,-0.6455,-0.79735,-0.7574,0.5458,-0.61175,0.80385
EFCAB14,-0.74145,0.6951,-0.030399993,0.8202,-2.19735,1.14285,-0.9035
DDX42,-0.63310003,0.46075,0.46174997,-0.0737,-0.46815,0.322,0.1453
LBR,-0.62804997,0.82255,1.1507001,0.6394,-1.2028,1.55965,-0.15989998
SH3BP5,-0.61544997,0.04425,0.4096,0.8847,-1.9197,-0.45529997,0.15365005
UBE3C,1.59995,0.4614,0.19209999,0.0859,0.016550004,0.35035,-0.66819996
SCARB1,-0.3991,0.72965,-0.61345,0.6598,2.08515,-0.7809,-1.2075
SCCPDH,1.1257501,0.042850003,1.6586,0.8235,2.20645,0.1188,-1.93985
SMARCD2,-0.0977,0.36824998,0.2666,0.5985,-0.5603,0.24245,-1.94965
NET1,-0.53995,0.4834,0.21535,1.2912,-0.3207,0.1081,0.31015
HDAC2,-0.82860005,0.7355,1.04575,0.2669,-2.1413999,1.19105,1.5799
HSPB1,-0.29365,0.17595,-0.33600003,1.2078,1.08835,-1.1757,1.34765
LIPA,-0.19995001,1.0705,1.36655,0.2379,-1.28185,2.44555,0.0375
BNIP3,0.08820001,0.032250017,0.1575,-1.0851,0.35145,0.4911,-0.50710005
CDC25B,0.45994997,0.8602,0.30555,0.7439,0.013549998,-0.75909996,-3.0325
ATMIN,-0.8967,-0.3797,-0.53865004,0.104,-1.07425,1.5846,-0.68904996
TOMM34,-1.2938,-0.015350014,-0.8276,-0.9575,0.55555,-0.05365,-0.51715004
MPZL1,-0.30215004,-0.19605002,1.22095,1.4703,0.30190003,3.2023,0.82405
IL13RA1,-0.055850003,-1.10655,-0.6931,-1.0065,-0.052399993,-0.7599,0.50115
PSRC1,1.10005,0.20065,-0.25145,-0.8692,1.21605,-0.94184995,0.23605001
UBE2A,0.5739,0.91489995,-0.62205005,0.4616,-0.2435,2.4556,0.73925006
COASY,-0.3548,-0.7668,-0.37799996,1.0775,-1.0829,-1.406,-0.6825
LRRC41,1.0037,0.48365,-1.1054,0.2705,-0.63825,-4.62675,-0.20975003
MYCBP2,2.0792,-1.0422,-0.42040002,-0.558,-0.697,0.60545,0.672
RBM6,0.61450005,-0.49525,-1.1445501,-0.7836,0.4225,-1.19175,1.2867
PGM1,-0.04965,1.2203,-0.10779999,1.668,-0.104550004,-1.2873499,-3.0031
MYO10,0.0382,-0.56455,-0.42705,0.8022,-1.8443,-0.6416,-0.18595
RSU1,0.2028,-0.61465,0.28545,-0.847,-0.1207,1.4291999,0.58295
EGFR,-0.42695,-0.47689998,-0.21839999,1.5121,-0.3263,-0.7726,0.087799996
KIAA0196,0.66830003,-0.297,0.52275,-1.2404,0.5328,-0.4408,0.73945004
EXT1,-2.0033998,-0.91435003,-0.77735,-1.0605,0.09459999,-1.2592499,-0.28554997
SPEN,-0.17940001,-0.21395,1.58485,-0.114,-0.40219998,0.62030005,-0.38904998
PTPN12,-0.42194998,0.62505,-0.16015,1.3133,-3.6792998,-0.91245,-0.86325
TWF2,1.1472499,0.31045,-0.97115004,-0.3582,0.89455,-1.6097499,0.67505
TJP1,0.05489999,0.022400007,0.009199999,0.471,2.38845,1.42225,2.8092499
MEST,0.37385,-1.0,-0.21554998,-1.1045,0.1509,-1.74055,0.7154
ALDOC,1.1182,0.38545,-0.8627,-0.2656,-0.33630002,-0.6666,1.8426499
KDM5A,-1.32085,0.90985,-0.27415,0.5774,-0.288,0.9294001,1.3567
RAI14,-0.1821,-0.99055,-1.17985,-0.9039,0.51835,-0.78255,0.53555
BIRC2,0.7351,0.99689996,0.51355,1.6031,0.23365,-0.45805,0.19035001
CTSL,-0.68825,-0.33930004,0.81105,0.4725,0.0,-1.8685,-3.4583502
PAF1,-0.93195003,0.1638,-0.25955,-0.4203,-1.7511001,-1.93115,2.0971
BIRC5,0.1459,0.46445,0.4513,1.2349,0.6297,-0.7715,-0.62935
RALB,-0.61705,1.36655,0.86004996,0.9614,-1.0009501,0.10560001,-0.80764997
ARFIP2,-1.64535,0.90139997,0.31285,1.1241,-0.48014998,3.7354999,-0.177
ARHGAP1,-0.21365002,0.84819996,-1.2188,-1.3304,-0.48025,-0.21475002,-0.28875005
CPNE3,0.5295,0.12089999,0.58524996,0.0,-0.40824997,2.5537,0.2856
ABL1,-0.7935,-0.44524997,-0.85555,0.6197,1.74475,-0.82460004,1.02095
TRAK2,-1.6324,0.387,0.1567,0.7797,-0.25265002,0.92219996,-0.0422
PYCR1,-1.16175,-0.50374997,-1.18975,1.836,2.73225,-1.0811,-1.1575999
NUP62,-0.66400003,0.2297,0.3808,1.5363,-0.6632,-3.0382,-1.05515
PCM1,-0.88805,0.92805,-0.067099996,1.1608,0.22029999,1.7922499,-1.34915
BLMH,0.29775,0.4233,0.3334,0.9883,-0.52415,1.4117,1.0775
MVP,-0.43234998,-0.12865001,-0.17210001,0.9861,0.78464997,0.25814998,-2.9736
NUP133,-0.23450002,-0.9216,-0.84365,-1.3235,0.65915,1.237,0.60355
PLOD3,-0.1549,-0.50374997,-0.9907,0.6745,1.1758,-0.7952,-1.5299001
PPP2R5A,0.1792,-0.15955001,0.352,0.3336,1.8469,-0.52145,-2.2166
NUP93,0.50699997,0.4479,0.63755,0.2524,0.97045004,-0.07225001,-1.6281
ARL4C,0.31204998,-1.214,-0.117850006,-0.9843,0.1029,0.2152,0.97385
KIAA0907,-0.461,0.63655,1.02255,0.0,-3.47305,1.57335,1.7851
CRK,0.2885,0.8106,0.82815003,0.6745,-0.38375,2.6554499,-0.097500026
CHERP,-0.7374,0.4903,-0.19349998,1.2305,-0.57905,-0.2786,0.1441
PLK1,0.0345,-3.7511497,0.68425,2.0494,0.2238,-2.2726998,-1.7481999
TRIB1,-0.47175,-1.2883,-0.29090002,-0.0633,0.09355003,0.194,0.95089996
CDK4,1.22505,0.47275,0.77320004,0.5492,0.81369996,-2.4679,-3.4318001
STXBP1,0.095699996,0.34535,0.123449996,1.3549,2.64895,0.96080005,-1.5439501
VPS72,0.12959999,-1.0408,-0.89779997,-0.1641,0.19489998,-1.201,0.3692
HSD17B10,-0.3964,1.4045501,-0.5623,0.8143,-0.12675005,1.2304,-1.76975
CDKN1A,-0.3362,-0.2745,-0.4128,-0.7357,1.9289001,3.6728501,0.82285
COL1A1,3.4936,-1.78555,-0.54805,0.1907,-2.178,2.8053,0.04635
SENP6,0.079649985,-0.39235002,-0.65355,-1.1056,1.84815,-5.6654,1.9630499
ACBD3,-0.6605,-0.23865001,-0.53705,1.1803,-0.5511,0.4853,1.5333
CSK,0.57875,0.8339,0.8617,0.649,-0.9197,-0.83525,-0.7207
CSNK1E,-1.34845,0.6079,-0.16665,1.4587,-4.36445,-0.179,-0.80905
TOR1A,-0.95629996,0.37919998,0.27635002,-0.4917,-0.3741,-1.65315,1.443
TRAM2,-1.03745,0.55685,-0.5477,2.0606,0.6314,1.7845501,-0.54305
TCEAL4,-0.55590004,0.41680002,1.7423,0.4714,-0.5107,-0.21255001,-1.06055
GNPDA1,-0.50685,0.85235,1.0884,0.5043,-0.45024997,-2.4185,-2.9931002
RGS2,0.6374,0.5569,-0.6925,-0.8265,-0.62955,1.9335,-0.3355
ABCF3,-0.91164994,0.20465,-0.18835,1.0501,0.7881,3.0416002,1.1237501
TCERG1,-0.38855,-0.50555,0.40855,0.8564,-1.5782499,-1.55645,1.0064499
USP1,0.53650004,1.0531001,2.09095,0.2893,0.40705,1.8190999,1.4232501
KEAP1,-0.142,0.64255,-0.41665,-0.0733,-0.87075,-6.55825,0.42435
KAT6A,-0.34445,0.41720003,-1.6916,0.0,-0.771,3.65725,1.2152
MPC2,0.27535,-1.1654,0.6245,-1.115,-1.10495,1.48175,-0.010200001
MYC,-0.84360003,0.3112,0.6745,0.5997,-5.58925,-7.0371504,-2.7127
SLC35B1,-0.84195,-0.19450001,-0.3663,1.497,0.3928,0.25105,0.5097
PLSCR1,-0.033549998,2.7909,0.6424,1.0163,-0.30195,-0.5728,-1.0563
DECR1,0.10755001,0.4513,1.17495,-0.226,0.09045002,0.16280001,-1.2555
ERBB3,0.35805,-0.14170001,0.50804996,1.1657,-0.57500005,-0.96475005,-2.16975
PRSS23,0.24515,0.9494,-0.20494998,0.9162,-1.6585,0.3425,-4.2011003
PAPD7,0.4063,-0.6932,-0.3494,-0.7969,0.3919,-1.2535,1.0263
CTNNAL1,0.0959,-1.094,0.45945,-0.2507,-0.3834,2.2357502,5.4849
IKBKAP,1.4275,-0.77180004,0.04175,2.0365,1.56435,1.5733501,1.0272
PPIE,-0.32495,0.50595,0.8895,-0.4757,1.14465,0.60864997,1.0057501
DNAJB2,-0.5389,0.97305006,-0.10805002,0.2255,2.0979,-1.7609,1.4135
SNAP25,0.55025,-0.91620004,0.20724998,-0.6194,-0.26835,0.8566,0.66525
BCL7B,-1.07775,-0.05519998,-0.3373,0.4847,0.4019,0.9749,0.713
GALE,-0.56845003,0.8855,0.6461,0.0357,-3.6771,-0.1543,-3.3766
HMGCR,-0.22255,-0.30055,-0.48405,0.2436,-0.6546,0.2565,1.25775
PRKCD,-0.08510001,0.65385,-0.4784,1.0572,1.3564,1.2714,-2.0707002
VAPB,-0.10345,1.6208501,0.54665,1.2051,2.83465,-0.719,-0.44925
MYLK,-0.13025,0.36345002,-0.04895,0.4848,1.9139,1.0034499,-0.017049998
S100A13,0.2662,-0.98759997,0.67544997,0.0,0.53849995,-0.3642,-1.24085
NRIP1,0.45279998,-0.03605002,0.082049996,-0.393,0.66510004,-0.44245,1.5717499
HTATSF1,0.5025,-1.1985,-0.21535,-1.0824,0.14455,0.3305,0.79505
ADAM10,-0.86765003,-0.023600012,0.40795,1.5302,1.3333,0.97345,-2.26995
EAPP,-0.1095,0.5877,-0.28165,-0.4351,0.6545,0.91015,1.4579
SERPINE1,-0.14919999,-0.7284,-0.084350005,0.0,1.47955,0.46115,0.3793
APPBP2,0.23095,-0.69904995,-1.0016,-1.3631,0.92985,0.2049,1.6263001
TOPBP1,0.46115,-0.20390001,0.2385,0.3107,-0.40674996,0.36945,1.38835
POLR2K,-0.79535,0.25515,1.0601,0.8803,-0.104100004,2.10005,-0.35445
ICAM1,-0.62725,-0.5195,0.049549997,0.539,-1.70355,3.6135502,-1.7618501
NRAS,-0.075950004,-0.10790001,0.66985,0.511,-2.11745,-1.2144,0.23885
LPGAT1,0.52494997,0.93009996,0.44545,-0.2477,0.56205,0.4969,0.19570002
PSMB10,1.0752499,-0.004900008,0.57895005,-0.9908,-1.0007501,-3.0391,-0.13935
SDHB,-0.37775,0.708,0.8018,1.8432,0.20075,1.0207499,-2.23625
RASA1,0.33140004,-0.001049995,0.78870004,0.3856,1.59235,-0.09819999,-0.3414
GTF2A2,0.75339997,-0.058300003,0.046299994,-1.0409,-1.0747,0.2594,-0.49514997
NPC1,-0.69624996,-0.35320002,0.21315,0.243,3.2189503,0.6669,0.074750006
GTF2E2,-0.61319995,-0.90475,-0.2394,-0.4444,-0.74504995,0.97425,1.12425
RNMT,-0.88215,0.1717,0.5618,0.0659,0.76655006,0.69755,-1.3558
RBM15B,0.75450003,-1.05335,0.22764996,-0.2874,0.60185,-0.98655,1.05585
OXSR1,0.1821,-0.37309998,0.14495,1.2379,-1.3183501,1.3346,-0.069600016
DUSP11,0.74975,-0.18830001,-0.06310001,-1.2211,-0.31730002,-1.1363001,1.3005
CCNB2,1.10065,0.2167,0.86934996,-1.4533,0.77985,-0.79455,-1.03695
HIST2H2BE,0.55079997,-0.987,-0.12175,-1.5955,-0.22049999,-1.84625,1.4093
PTPN1,-1.26015,0.0819,-0.2615,-0.2718,-0.5065,2.75445,-0.82045
TES,0.01265,-0.54125,-0.71435,-0.396,-0.29505,-0.023149997,1.10755
GFPT1,-0.91470003,0.15575,0.067499995,-0.1072,0.73249996,2.1845,1.3715999
LIG1,-0.19035,1.4452,0.2994,0.9918,-0.038049996,-0.2312,-3.0066
PKIG,-0.023799986,-0.36534998,0.2088,-0.2107,0.26955,0.34414998,-0.3799
P4HA2,-1.5455999,0.35215002,-1.06025,-0.6071,-0.0788,0.57919997,1.4676499
EBP,0.10655,0.7041,0.45475,0.421,0.4375,0.55120003,-1.97875
PHKB,-0.40345,0.096949995,-1.83295,2.2911,0.63105,0.41155002,0.77515006
PIK3R3,-0.41335,1.0416499,0.53475,1.7982,-0.34594998,-0.52555,-1.2606499
WRB,-0.846,0.1711,0.37655002,0.9682,2.78105,1.74175,3.34055
GPC1,0.6692,-0.20875,0.066299975,-0.9027,-0.4677,0.101200014,1.1717
SYNE2,0.71795,1.2361,-0.61175,2.1478,2.8521,0.61445,-0.7031
CASP3,0.1521,-0.8677,2.31515,1.0637,-0.037750006,1.5201501,1.65825
DNTTIP2,-0.97615,-0.40325004,3.1926,-0.464,-1.4314001,2.5981002,4.0698
ZMYM2,1.19965,0.6602,1.33805,1.1675,-0.49085,1.9124501,-0.62315
OXCT1,-0.5511,-0.82659996,0.6874,-0.0365,3.3613,-0.06735,-0.51675
NNT,-0.40415,-0.007850021,0.45215002,0.3876,1.5525999,-0.4733,-1.0999501
MAPKAPK3,0.36815,-0.21589997,0.9313,-0.2128,0.24025,0.8171,-0.22915001
INPP1,-0.68905,-0.2569,-0.057449996,0.9837,-0.4042,2.43765,0.13395001
SACM1L,0.71220005,0.015200019,-0.010799997,0.1049,2.5809002,1.0529001,1.2909
PRKACA,1.063,-1.1438,-0.43365,-1.0577,0.27569997,0.8727,0.92754996
INTS3,1.922,0.58055,0.54735,1.3184,-0.888,-4.98215,-1.9700999
STAMBP,0.4848,0.743,0.7614,0.2466,-0.40765,-0.41450003,-0.4716
GAA,-0.8093,0.75635,0.112849995,1.1787,0.46235,0.30025,-1.1833
TARBP1,2.10715,0.0951,1.10985,2.2032,1.0977,0.064050004,-0.33655
SLC25A4,-0.056200005,-0.23755002,0.77745,1.0533,-0.13835001,4.3926,-0.5986
SLC37A4,-0.41990003,0.4797,0.12064999,10.0,1.4284,0.62595,-1.7156
PCK2,-0.20715,-1.11205,0.67145,1.6118,3.44835,-1.36175,1.5792
HPRT1,-0.002050012,-0.68685,1.21205,-0.1954,-0.78295,0.29689997,1.0856
FAH,-0.64155,0.33555,0.70780003,0.2362,-0.19510001,0.67705,-1.4275
POP4,0.2718,-0.49285,0.33495,0.8577,-0.80585,0.66505,-1.1802
CDC20,-10.0,0.88390005,-5.0,0.5763,-0.24895,-0.58985,-3.04805
CYTH1,-1.1452,0.48194999,0.13389999,1.2606,4.4544,6.8262,0.50825
DDIT4,0.10370004,1.622,-0.4246,-0.211,1.89305,-0.23824999,2.2375002
MAP7,-1.5847499,-1.1424,-1.6168499,-2.558,-0.27644998,-0.86800003,0.63765
NIT1,1.0184,-1.0413,-0.14725,-1.036,1.11735,0.0357,0.63154995
NUP88,-0.20755,-0.5753,-0.45259997,-1.8454,-1.8425,0.63775,-0.2908
WFS1,-0.40555,1.18285,0.052849993,-0.4743,-0.7211,3.47825,1.78745
ADGRE5,0.01640001,0.56995,-0.6674,1.0962,-1.93255,2.4421,4.22615
MSH6,0.78215,0.82710004,0.46170002,-0.2815,-0.42705,0.99230003,-2.07975
FAM20B,0.35865,-0.87635005,0.4444,-0.7472,-0.94589996,-2.2388,1.115
PIN1,0.52825004,-0.5631,0.5033,0.0,0.6146,1.7021,-1.6297
ETFB,-0.68745,1.1403999,0.19215,0.6966,-0.14840001,0.53405,-4.07835
FPGS,0.0503,-0.067449994,-0.090399995,-0.3055,0.64285,-1.28935,-1.12535
FHL2,0.09305,0.47429997,0.39945,0.5256,0.47210002,-4.46115,-1.0371
CRYZ,-1.1215501,-0.13680002,1.175,1.106,-1.10475,1.41875,0.61880004
UBE2C,-0.94495,1.1567,0.157,1.4065,-1.1531501,-1.70045,-0.24350001
RFX5,0.70205,0.34045,-0.08944997,0.2586,0.52945,-0.13235,-0.1379
ARNT2,0.5433,-0.62310004,-0.3208,-8.1368,0.21685001,-0.8632,0.8003
PYGL,1.05245,0.31615,-0.4945,0.4019,2.1206498,-1.72395,-1.7586999
POLD4,-0.1351,1.0257,0.2895,0.971,1.0199499,0.1976,3.4271998
LYPLA1,-0.57625,-0.0838,1.0583501,1.4125,-0.8,0.618,-2.5854502
ECD,-0.18215,1.1571,-0.11410001,0.6216,-0.29795003,0.22659999,-0.27610004
PTPRK,-0.20205003,-0.72669995,-0.743,-0.6914,0.120000005,-0.92789996,0.31615
TIMELESS,0.3868,-0.7028,-0.53445,0.9778,1.3843501,-2.89665,-0.416
STK10,-0.012050003,-0.11835,0.14730003,1.1801,10.0,0.07440001,4.2637997
TP53BP1,-1.42915,-1.43385,0.7072,0.1323,-0.7142,-0.91815,1.9504
TCTA,0.98800004,0.55875003,-0.3214,-0.3542,-0.50405,-0.74695003,0.25755
PDHX,-0.101199985,-0.120900005,0.07374999,-0.2855,-7.4226,-2.1671,0.8006
KLHL21,-0.359,0.4942,0.1574,0.99,0.66550004,0.49825,0.47275
COG2,-0.6125,-5.9208,-0.94355,0.3026,-1.06665,1.2604499,-1.17615
DNM1L,-0.28995,-0.3859,0.5658,1.5895,-0.17635,1.10695,1.60375
PTK2B,-0.26035,-1.37385,-0.5266,-0.9714,0.5878,-1.69365,0.96610004
PAN2,-2.5137,-1.6329,-2.2362,0.3187,1.1726999,-1.3741499,-0.23449999
CCDC86,0.49095,-0.55305,-0.28759998,-0.5534,-0.656,-2.8442001,0.39785004
TP53BP2,-0.83884996,0.86605,-0.019900002,0.431,-0.44615,1.9013,0.38130003
SLC11A2,0.79345,0.1339,0.47635,-0.471,1.10845,-4.28915,-2.2195501
SPTLC2,-1.00155,-0.48050004,-0.1825,0.0286,1.17305,1.29135,-1.0256
KIF5C,1.0902,-0.38849998,-0.21564999,0.6114,1.2813,1.21685,0.29674998
RB1,0.096,-0.39045,-0.4373,-0.811,0.79980004,-0.89935,0.17089999
TBP,-0.90139997,0.4171,0.63455,0.5012,-1.03195,0.9534,1.6124
HAT1,0.118700005,0.75775003,0.7535,0.2168,-0.5362,1.6611,0.7272
PAK4,-1.3457999,0.1716,-0.000750005,0.4515,0.29195,-0.93085,-2.04135
TIMP2,-0.06435,1.1926,0.40885,1.5566,-0.13520002,0.0302,-2.1637
RRP8,1.85595,0.4341,0.1439,0.5834,3.7028,4.44945,1.06195
S100A4,0.38725,0.25550002,-0.53635,0.1336,2.69035,-0.95685,-0.09725
B4GAT1,-0.31105,0.6659,-0.86775,2.2407,0.30900002,0.9852,-2.1501
ABCB6,0.45885,-0.29830003,-0.19714999,-0.5204,1.50215,-2.97785,-0.40145
PMM2,-0.12525001,-0.767,-1.1844,-0.315,-0.89265,-1.2596,0.72245
MTFR1,-0.080849975,-0.5997,0.96114993,-0.4125,-0.21,0.2896,1.04385
RFC5,0.8815,0.016300008,0.34245,-1.3877,-0.09929997,0.754,0.3736
CDK1,0.010049999,0.28250003,-0.007649995,0.2006,-0.1928,-0.40435,0.6364
ST3GAL5,1.0209,0.80155,0.57695,-0.1976,-4.44995,-0.6838,0.010900021
MAPK9,-0.34304997,-1.0020001,-1.6897,-0.2099,-0.04034999,0.9608,0.17140001
TLE1,-0.34875,0.8789,0.027550004,1.034,1.9957501,0.9278,-1.39755
PAFAH1B3,-1.1924,1.18845,0.14185001,1.1295,0.46125,1.5934,-2.7814
IL4R,0.048600003,-0.94315,0.2592,-1.0425,-0.5383,-1.71685,0.9948
NPRL2,-0.29224998,-0.10185,-0.51065,0.4498,0.06315002,0.39255002,0.097950004
CDH3,2.34255,-0.32200003,-0.71739995,-0.4251,2.96985,-1.354,1.45015
DRAP1,-1.4721501,0.271,-0.10069999,-0.4294,-0.572,0.29035002,-1.177
DFFA,-0.574,-0.60215,-0.19505,-0.2353,-0.3701,0.35505,0.7891
EDEM1,-0.349,-0.033700004,-0.82365,-0.3242,-0.47605002,-0.42255,1.05345
HS2ST1,-0.13625,-0.0817,0.20629999,-0.4228,-0.62865,1.1954501,-0.29785
KIAA0355,0.002750009,0.40004998,-0.4723,0.8771,-2.27095,2.5502,-0.527
CNOT4,0.5069,1.02245,-0.2714,0.0392,0.68195,0.82645005,0.90045
DMTF1,0.2543,-0.96750003,0.01305002,0.8225,1.25305,0.101150006,0.48784998
DCK,0.5388,1.2362001,1.0041,1.2445,-0.4156,0.91595,-0.11485
DYNLT3,-0.14635,0.40915,0.8296,-1.9114,-0.003149986,0.62535,0.043299973
BAMBI,0.57515,0.11805001,0.42485,-0.3481,0.67429996,-1.42825,-0.43305004
SLC35A1,-0.5178,-1.38495,0.46170002,-3.271,0.2817,0.8851,0.57465
NCK2,0.0386,0.15865001,1.0083,0.9646,0.95235,0.010199994,-1.01045
ITGB1BP1,0.494,0.9827,0.59639996,0.1587,0.1417,0.2846,-1.7103
PPP2R5E,-2.09965,-0.5581,-0.12750001,-0.9454,-2.9549,-1.7532499,1.41125
CEBPZ,0.6009,0.30329996,-0.40344998,-1.2743,-1.2586501,0.89405,1.40295
TIMM17B,1.0593,-0.30005,-0.2082,0.104,-0.38405,-1.5979,3.1981
UGDH,-0.66015005,1.1523,0.8701,-0.1373,-3.7633998,0.86335003,-0.81495
MTF2,0.4719,0.17410001,0.22945002,-0.4447,-2.2249,1.2286999,0.97295
EZH2,0.31465,0.27535,0.18065,-0.356,0.15150002,-0.16979998,1.8566501
MYCBP,-3.08485,0.26395,0.95570004,-0.3777,-0.36815,0.052299976,-1.4381499
DUSP14,-0.067049995,0.4541,-0.25365,0.036,-3.7867,0.3907,-1.10905
SOCS2,0.16084999,-1.06815,-1.06655,-1.1051,0.4641,0.7,0.93035
RPS6KA1,0.10945,0.37105,1.01255,1.0528,-0.69285,1.68645,-0.1038
APOE,-0.56385005,-0.34905,0.38155,0.8034,-1.0908501,-1.0472,-2.15725
HES1,2.6349502,-0.20610002,0.13465,0.9606,-0.53970003,1.8296,-1.4033
PSMG1,-0.060650006,0.52265,1.5388,0.6954,-0.31135002,1.84585,-0.5737
SATB1,0.57865,-0.25594997,-0.1405,-0.5918,2.8676,4.3509,0.19145
DDB2,0.13495001,-0.043750003,-0.78225,0.961,1.4954,-1.012,-1.4858
CCNA2,0.12979999,1.06225,0.75925004,1.1098,-0.8975,-1.776,-2.206
EML3,1.9901,-0.3151,-1.1761,0.4015,-0.12094998,0.4091,-0.86494994
PRAF2,-0.67155004,-0.1954,0.08415002,0.6894,-0.32905,2.12045,-1.08195
SPR,-2.0672002,0.1723,0.099850014,0.5995,0.58905,-1.9539499,0.79714996
EPN2,0.40350002,-0.8227,-0.7091,-1.823,0.22364998,-0.44835,1.62205
MRPL19,0.3833,0.34189996,0.94795,-0.5309,-0.8535,-0.49809998,-0.49345002
CEP57,0.33405,-0.7858,-0.5918,-1.2694,0.32835,-0.4285,0.8797
TRAPPC3,-0.063149996,0.61675,-0.063850015,0.8446,-0.49925,-0.16764998,0.9841
ZNF318,1.1284499,-0.85305,-0.7748,-0.1929,-0.58529997,-0.3919,0.58675003
STX4,0.31765,-0.4081,-0.71655,-0.3873,0.010749996,1.0771999,0.7674999
IPO13,-0.12325001,-0.79475,-1.4682,-1.0074,-1.0465,-0.94005,-0.87874997
PCBD1,1.2385501,-0.062199995,-0.37075,0.0802,0.65025,-1.074,-0.22430001
MNAT1,-0.64835,0.42329997,0.78785,0.4791,-0.6025,4.7693996,0.51555
AGL,0.62795,0.5638,0.94345,-0.9878,-0.8648,0.32485,1.8886
LOXL1,-0.0269,0.30140004,-0.88625,-0.0575,1.6369,-0.38325,1.83715
NFIL3,-0.64779997,0.15114999,0.63224995,-0.3328,1.94085,2.49085,2.05275
CSNK2A2,-0.85195005,-0.53855,-0.61800003,-0.0588,0.1934,1.55765,1.7772499
RAB4A,0.27625,0.9407,-0.0724,0.2102,-0.49585,1.6363,-0.92574996
POLB,-0.17585,1.5286,1.23835,0.3423,-0.6953,3.9098,0.28165
IGF1R,-0.8321,0.3875,0.56345,0.0629,1.33445,-1.33565,-3.0272
FGFR2,2.02215,-1.0479,0.17309996,-1.0997,0.23755002,-0.552,1.18785
MBNL2,0.58365,0.68520004,0.45935,-0.5897,0.7751,0.43775,-0.19675
TATDN2,-0.85959995,0.27565,0.60825,2.0979,-0.6321,-0.38565,1.1531501
TRIM13,0.31939998,-0.39130002,-0.15875,-1.4283,0.18869999,-1.4609001,0.14090002
HMOX1,-0.6671,-0.39165002,-0.4342,0.4544,-5.0566,2.2205,3.85765
NUCB2,0.3653,0.86425,0.23779997,-0.2503,0.23895,1.33065,-0.64280003
BCL2,-0.55579996,-1.4466,0.75250006,0.7848,1.6714499,1.8907001,0.23465
RFC2,-0.2405,-1.37535,-2.12245,0.0057,2.88335,-1.8024,-2.6294
FZD7,-0.050150007,0.16000001,0.24625,1.4826,-1.5811,1.58805,-1.36835
PHKG2,0.40469998,1.2210001,0.45255,-0.6549,-0.93355,3.01825,1.244
GADD45A,0.79225004,0.28474998,0.10250001,-0.5285,2.80635,0.4894,3.4488502
LAMA3,0.48275,0.30255002,0.54605,1.2875,0.35334998,0.061150007,-0.1705
SKIV2L,-1.5278,1.0115,-0.29705,3.0362,-0.10914999,-0.20875,-1.0713
BUB1B,0.76175004,-0.8526,-0.3137,-0.871,0.17095,-1.1762,1.1911
SLC25A13,1.6559,1.2581,0.18095,-0.6377,3.8411503,0.35149997,-0.52159995
SSBP2,4.7831,-1.0539,-1.1347001,-1.541,0.88355005,1.2543501,0.03280002
AKAP8,0.5446,0.21675001,0.42545003,2.1421,-0.8703,-2.20605,1.00025
PDIA5,-0.022549987,1.16625,-0.87105,0.019,0.52165,-0.061649997,-0.78975004
RAB11FIP2,0.33105,0.36815003,1.04865,0.0401,-0.90045,-1.17555,0.0678
RAB21,0.3402,-0.5961,0.4271,-2.4563,-1.3202001,-0.4432,1.77975
LYRM1,-1.0491,0.36589998,-0.77205,1.5788,3.2507,0.11455001,0.11965001
RAP1GAP,-0.13935,0.3341,-0.25425,0.0242,3.3778,-0.92635,0.24000001
TCEA2,-0.3872,-0.98435,-0.7993,-1.2751,0.61695004,-0.40735,0.29545003
NFKBIE,0.5822,-0.28379998,-0.38840002,-1.0535,-0.74219996,0.6653,0.7974
MRPL12,-0.36345002,0.7964,0.61195,0.9143,-0.7082,-0.35105,-3.77665
ATF6,-1.9685,0.19565004,0.86325,0.5934,-1.3122001,1.79385,-1.5309
CEBPD,0.0952,-0.5497,-0.44785,-0.5947,2.4592,-1.1926999,0.38275003
GNB5,-0.2014,-0.44475,-0.34900004,-0.6025,1.24525,-0.62095,-0.5423
DUSP4,-0.05915001,0.88565004,0.45700002,0.5912,-6.4332,-3.3660002,-0.36290002
CEBPA,0.4188,0.5592,-0.20719999,0.0,4.21725,-0.58465004,0.15850002
WASF3,0.59080005,0.4616,-0.32745,-0.0772,0.8628,1.69005,0.54565
PRKX,-0.059149995,-0.86465,0.6715,-0.9718,-0.006750003,-0.6925,1.61115
SLC5A6,1.044,0.9915,-0.27310002,-0.3326,1.1236501,-0.20795,-1.3488001
MAP3K4,-0.77545,0.21204999,-0.3101,0.1115,-0.3833,0.71165,0.36254996
AURKA,-0.48465002,0.95685005,0.31975,1.1463,0.19415002,-2.2373,-0.25295
CCNH,0.4977,-0.59835,-0.53400004,-0.7855,-1.5306001,0.87039995,0.029900014
TESK1,0.28004998,-0.29635,-0.3374,-1.4583,-0.08849999,-0.79265,0.90085
CDC45,-0.56759995,0.97755,0.27895,-2.3278,-7.97405,1.6270001,0.48495
FOXO3,-0.6682,-0.5129,0.27530003,0.3092,0.89995,0.3153,1.0275
ENOSF1,-0.21899998,-0.12984999,0.048250005,0.8243,-0.3436,0.68475,-0.42694998
IFNAR1,0.30575,-0.9799,0.2532,-1.3093,-0.3937,-1.4477,0.7513
CDK2,0.4943,0.33749998,0.5537,-0.4094,0.51695,-1.8037,-1.9315
ELOVL6,-0.71095,0.27809998,0.2795,4.5733,-1.2943499,-1.3827,-0.1352
PMAIP1,-0.54975,-0.67184997,-0.85109997,-1.2226,0.028500006,2.40485,3.3790998
PIK3C3,-1.2973,0.50515,0.36110002,-0.0796,-0.583,3.3751001,1.6340001
CREB1,-0.077849984,0.94664997,0.43710002,-0.7824,3.5056,0.7603,1.5307
PIK3CA,-0.5182,-1.05185,-0.89805,-0.9079,-0.21004999,-1.4591999,0.53805
GSTM2,-0.37484998,0.041500002,-0.54675,0.404,-0.27895004,-0.25655,0.12255001
FOSL1,-0.64835,-0.1737,-0.15624999,0.7177,-4.70005,-1.90095,-1.8546
FZD1,0.19935,-0.9566,0.25685,-0.6745,-0.15,-1.61555,1.7349
PLA2G15,-0.25935,-0.042550012,-0.91,0.9888,-0.11155002,4.12985,-0.46645
SNCA,0.268,0.06719999,-0.1885,0.1943,-0.09245,-1.6630001,-6.30615
MMP1,-0.2659,-0.29084998,-0.37075,-1.1339,2.3042,1.1957,0.23265001
PIK3C2B,0.5978,0.085,0.78295004,0.8557,1.2963,-0.26735002,0.71414995
CD44,1.2401,-1.29125,-0.44605,-0.5549,1.2533,-6.027,0.25855
DPH2,-1.58725,-0.07734999,-0.27420002,-1.4888,-1.7818999,0.33785,0.12404999
PPIC,0.3337,0.20925,-0.32874998,1.9549,0.5733,-1.3975999,-2.3115
BRCA1,-0.5283,0.64355004,-0.29189998,0.6745,2.0957,-0.91884995,-0.86665
ST6GALNAC2,-0.044300005,0.97325,1.59895,2.0029,2.5197,-1.61595,-0.63035
IKBKE,0.87665,-0.70669997,-0.27745,-0.5495,4.71995,-0.10800001,-0.98685
FGFR4,1.7104001,-0.31465,-0.3985,3.3157,1.52625,2.10345,2.0434499
SLC25A14,0.87375,-0.4752,0.42329997,-0.467,-0.43905,0.72749996,0.57519996
CGRRF1,-0.96545,-0.05335,0.5151,-0.8976,-0.30665,6.5598497,1.5625
CCDC85B,-1.02385,-0.7027,-0.41185,-1.3795,-1.85265,1.261,-0.5387
ACD,1.7555,-0.2953,0.0974,-0.5454,2.8376,0.43119997,0.4463
TFAP2A,0.07255003,-0.755,0.8246,-0.0604,0.98115003,-3.5152998,0.5671
SHB,0.0405,-0.81159997,-0.76135,-0.6904,0.20234999,-1.2495,0.54175
CCP110,0.001699999,0.8881,0.7961,0.2629,-0.2735,1.51555,0.15134996
KCNK1,-0.3651,0.4476,-0.457,-0.5233,-0.88269997,-0.027899995,1.285
CDC25A,-0.10085,0.97165,-0.37235,-0.2127,-1.39995,-0.17995001,1.2765499
KIAA0753,0.97195005,-0.29479998,-0.55775,-0.6892,0.87695,-1.0774,1.03455
NCK1,-0.15045002,0.23095,2.6405,0.4626,-0.22895,-0.92935,-0.95895
STX1A,0.24970001,0.5183,0.8077,-2.3122,0.85425,0.09,0.51775
PTGS2,-0.38825,-0.7299,-0.80865,0.0,-0.86785,1.3375,0.5475
MAP2K5,2.9248,0.51524997,-1.00705,-1.3131,-1.0918,-0.2774,2.2631
C2CD2L,-1.34205,0.48715,-0.1025,-0.5522,3.4617,2.5657501,2.23705
USP6NL,-0.45090002,0.97825,0.77535003,1.6087,-0.31435,0.14105001,-1.04735
FAS,0.5416,0.039950013,-0.61925,0.0,0.9687,-0.41399997,-0.22725
PPOX,0.5037,-0.48415,0.3775,-1.3672,0.032699995,-0.32275,0.55995
TMEM5,1.7722001,2.85155,0.46609998,0.3705,-1.9474499,-1.0611501,-2.2466002
CLPX,0.029050007,-0.2974,0.5168,0.8589,-2.62435,-3.9462,0.139
ZW10,0.59105,0.20015001,0.4243,0.2213,-4.0797,2.119,1.60105
MELK,2.77675,1.17845,0.5128,-0.0397,-1.13345,1.1159999,2.4845
CCNF,-0.00819999,1.94245,0.13955,3.064,3.7492,-0.17245,-1.19415
RAD9A,-1.11745,0.4598,-0.11909999,1.0518,2.14285,3.40535,1.02635
TCFL5,-0.10685,0.75025,0.38425,0.464,2.09125,2.16945,-0.61785
ZNF274,1.1228,-0.16284999,-1.47275,-2.1589,-0.73155,-0.54525,-0.16329998
ICAM3,-0.33605,0.69655,0.56715,1.234,-0.14180002,1.16405,-1.40625
DDX10,-0.07585001,0.12474999,1.1947501,0.0956,-0.1731,0.54835,-0.301
TRAPPC6A,-0.10955,0.17859998,-0.42385,-1.2316,2.06535,1.90005,-0.87684995
CDK5R1,-0.49875,0.37925,0.45475,0.3397,-2.4294,-6.8386,-3.8067498
ATF5,-0.49370003,-2.0269,-0.1286,-0.589,-3.6584,-1.4523,0.6831
STAT5B,-0.49325,0.21635,-0.5086,2.5667,2.00895,-1.29535,-0.66470003
CCNE2,0.042950004,0.61135,0.6784,0.2354,0.13475001,0.65180004,0.5762
LSM6,0.8414,0.48865002,1.93855,0.6235,-1.3382,-0.82530004,-0.23625001
IKZF1,-1.156,0.53345,0.57705,0.0245,-0.52985,-4.8945,-2.11445
CENPE,-0.25775,-0.036750004,-0.87535,1.2005,0.9314,-0.50055003,-0.42120004
KIT,0.15760002,-0.57285,-0.56685,-0.8758,2.36725,-0.2368,0.38865
ITGAE,0.9655,0.3195,1.11975,-1.571,-0.83765,-0.92745,0.77155
IL1B,-0.17265,-0.75745,0.43180004,-1.3758,0.021349996,-1.0303,0.2917
ORC1,0.4535,-0.3853,0.72255003,-1.3995,0.96655,-0.39115,2.3149
MAMLD1,0.6264,4.7427998,5.0,-0.4158,0.8243,6.0605497,1.2753999
SGCB,-0.88575,0.35294998,0.22775,0.8104,1.1731501,-0.7909,-0.56585
MOK,0.566,0.72855,1.1080999,-0.6224,-1.4161501,-1.32805,-0.91690004
CD40,1.69725,-1.02475,0.35009998,-1.4782,-0.083299994,-0.9921,0.8678
PEX11A,1.1672499,0.1893,0.36409998,-1.3825,0.50125,-0.7112,-0.0986
CLTB,-0.087799996,-0.50995004,-0.07159999,1.0382,-0.15015002,-0.5445,0.52045
CD58,-0.4563,0.51245004,0.83889997,0.9008,-0.2419,-2.7898,-2.0629501
PLS1,-0.026000008,5.1277,1.21815,1.0023,1.6578,5.21465,0.4875
PCMT1,-0.7543,0.80665,1.1842,1.5071,-0.08625001,1.2344,-1.3003501
RELB,0.24705,-0.25744998,-0.14665,0.5954,5.2526,6.15965,-0.57785
GNA15,0.4296,0.18579999,-0.76695,-0.4227,-0.96895003,-1.08745,0.20735002
INPP4B,0.22475,-0.17900002,-1.49495,-2.5027,-1.6178,-1.1301,-1.4085001
CBR3,0.09989999,1.22755,0.19215,1.0124,-4.9059,-2.6139002,-2.1407
CHEK1,0.84005,-1.20365,0.34539998,-1.0352,0.1352,-1.4913499,0.96755
SMAD3,-0.2207,-0.21114999,-0.23485,-0.4697,-1.2390499,-0.7449,-1.7577999
DAG1,-1.43735,0.97225,-0.27394998,1.6535,-2.2766,1.1412001,-3.0277
PHKA1,1.37585,-0.6395,-0.6694,-0.9229,1.14735,-1.7716,0.9137
FOXO4,-1.23675,0.2105,-0.41965,2.1284,0.2893,4.1199503,-0.21854997
PIGB,0.2452,0.16159996,0.475,0.1598,0.4221,-2.4698,-0.87925
PDGFA,0.26350003,0.12945,0.39965,0.7732,0.85085,1.23675,1.2169
CASP10,0.66295,-1.20175,-0.4397,-1.384,0.008049995,-0.91384995,0.99285007
GHR,-0.3457,-0.12810001,0.894,2.1023,0.7841,1.55735,-0.5101
C5,2.0891,-0.70225,-0.69855,-0.1995,1.08845,-1.30495,1.43645
BTK,-0.94995,0.52110004,-1.3449501,-0.7084,1.20375,-0.74090004,-0.1928
RPP38,-1.09905,0.77585,0.100899994,0.9487,-0.97249997,-1.7678,-1.0129
SNX7,0.218,-0.70875,0.38454998,-0.6484,0.51145,-1.4655,1.15755
NOS3,0.0749,-0.3865,0.5655,-0.4158,2.2234998,0.4556,0.8847
SCYL3,0.64115,-0.2692,0.5843,0.529,1.3705,-0.81975,-0.6572
ALAS1,0.84195,-0.6396,0.16534999,-1.3946,-0.83355,2.1026,1.4870999
SYNGR3,-0.9057,-1.163,3.8494,-0.6044,0.37434998,5.06005,0.38215
BPHL,-1.4441999,0.2268,-1.07275,-0.4072,-2.2175,0.89564997,0.45145
POLG2,0.06815,0.42685,-0.49185,0.3287,-4.11445,2.7368,-0.58965003
NOLC1,-0.61195,0.87845004,0.7579,0.6192,-2.4384,0.56875,-0.28715
NFATC4,-0.024349988,-0.67875004,-0.1994,-0.3847,-0.015499994,-1.0432501,1.5151
CCNA1,0.9193001,0.5883,0.69455004,-0.1368,1.7523501,1.34095,-0.8595
POLE2,-0.8207,0.14254999,0.44230002,-0.3003,-1.1794,-1.2202001,-0.87675
DNAJA3,0.505,-1.10605,0.5369,-1.2896,0.7963,-1.99075,0.40180004
FOXJ3,0.16200002,0.25415,-1.052,1.4465,-0.5829,1.0782499,0.76055
RNH1,1.2266,-0.19265,-0.45765,-0.1117,1.15775,-0.96675,-1.70615
RAD51C,0.8073,-0.3323,-0.22915001,-0.5865,1.1176,0.3088,-0.19804999
EPHA3,-0.75435,-0.72205,0.12245005,-3.6946,0.43695,0.6825,-0.48325
PRKCH,-0.18690002,-0.40995002,0.25239998,1.0712,-0.16974998,0.1426,-0.0732
FUT1,-0.35499996,-0.84360003,-0.51685,-1.9046,-0.44404998,-1.74715,1.2585
ADRB2,-0.14750004,-0.85539997,-0.30844998,-0.1482,-1.7604,0.2595,5.01545
GABPB1,-0.1582,0.4215,-0.19444999,-0.5062,-1.88605,-1.7701,0.27425
EGF,-1.30625,0.32999998,-0.07395,-0.7787,-0.34595,0.0659,2.46295
KIF14,0.5229,0.33214998,0.51135,0.8859,-1.1838,-0.40735,-0.47845003
ETV1,-0.45245,0.6267,1.0914,1.0353,-2.8340502,-0.16960001,-1.26475
CSNK1A1,-0.65209997,0.56505,1.0337,-0.8869,-0.032999992,0.70475,-0.18095
MAP4K4,-0.44269997,0.82835,0.114999995,1.1631,1.1331,-0.04885,-1.35065
GLRX,-0.34254998,-0.062299997,0.08894999,-0.2818,-3.4665,5.3526,-1.04485
PTPN6,0.6684,-0.8067,-0.36984998,-0.9941,-0.14374995,-0.17514998,-0.30415
CPSF4,-0.21195,-0.12165001,-0.7684,-1.0801,4.426,-0.29405,-0.20390001
LPAR2,0.6893,0.024800003,-0.3728,-1.6098,-0.94395006,-1.3872,2.1819
DFFB,-0.11765,-0.97529995,0.34390002,0.6745,-0.3342,-1.4907,0.80915
SLC35A3,0.74435,0.92120004,-0.3994,-1.4223,3.8661501,0.44605,0.7756
HDAC6,-0.95655,0.1512,-0.035350002,0.644,2.61795,0.11604999,-1.79275
GLI2,3.1666,-0.8139,0.8671,-0.7582,1.02785,-0.39249998,0.77345
CDKN2A,-0.4965,-0.058450013,-0.21865,0.2358,-1.2412,1.2602501,-2.1987
E2F2,5.58695,0.87409997,-0.058300003,-1.1062,1.43805,1.14695,0.8555
CDK6,-0.15195,0.27255,-0.8966,0.7222,-0.031100005,-1.356,-0.71375
AKT1,0.29659998,0.38285,-0.09499997,1.1746,-1.0956,-0.93615,-1.3294001
CASP7,0.42654997,-0.0811,0.09334999,0.0224,0.53424996,0.85365,1.46755
TNIP1,2.1483998,0.39644998,-0.34025002,-0.0315,-1.3017,-0.2375,-0.5259
TERT,-0.062950015,-1.02475,-0.26335,-1.0777,-0.2357,-0.51895,1.2047
PTPRC,0.5718,-0.78525,-0.088300005,-0.6564,1.17115,-0.5336,0.76075
TGFBR2,0.09529996,5.49265,1.1245999,0.3017,2.253,0.76765,-0.94215
NFATC3,-0.44505,-1.2436,0.017499983,0.8829,0.54165,-1.4776001,-0.035050005
RAC2,0.052650005,0.094549984,1.0999,-0.0714,-1.01085,0.5475,0.2642
POLR1C,-0.4757,0.52285004,0.22639999,-0.1925,-0.9771,-0.001000002,0.59284997
NFKB2,-0.0687,-0.21495,-0.42499998,-0.8005,-0.20495,0.001200005,0.52049994
SYK,-0.23500001,-0.1809,-0.4035,-1.8805,-0.24905002,-0.71545,1.2129999
CASK,-0.9677,0.4499,-1.1321,0.8543,5.2448,1.34045,0.13194999
NCOA3,-0.035100006,-0.42945,-0.84005,-0.5731,-0.015249997,0.41390002,1.0325
PSMD9,0.39595,0.69045,0.19205,0.9149,0.47965,1.2824501,-3.04305
PROS1,-1.44675,0.71295,0.5339,0.5437,-0.017399997,0.8268,-0.4439
CASC3,-0.59075,0.91929996,0.23715001,0.952,0.69855,-1.0345,-1.00695
MUC1,4.44695,-1.6583,-0.21215001,-0.3877,3.22885,0.3816,1.9288499
ST7,-0.53845,0.7349,0.15005,0.9921,1.2281001,-0.88890004,1.0329
NVL,0.47015,-2.1998,0.2478,-2.0052,0.32405,-0.91615003,0.76495
MEF2C,0.06299999,-0.08645001,0.31395,1.104,3.23885,0.7338,-1.9468501
CHP1,-0.5243,-0.1393,0.70195,0.401,0.060900003,1.2135501,-0.7097
HMGA2,-0.85035,1.10985,0.2595,1.3056,-2.9384499,-3.0556002,-0.85150003
CASP2,4.38745,1.1018,5.1251,-0.1654,-0.5092,0.4756,-0.59029996
LSR,0.0811,-0.8769,-0.101500005,-1.1811,0.63764995,4.33125,-0.58545
MALT1,-0.88685,-0.36695,-0.7456,0.6097,-0.18345,0.228,0.04685001
TBPL1,-1.29695,0.5216,0.2686,0.6745,0.21200001,4.66355,1.5838499
CTNND1,0.355,-0.8748,-0.67835003,-0.7993,-0.16795,-1.53185,0.83849996
CIAPIN1,2.7798002,0.66359997,0.82500005,0.7508,-0.84749997,2.786,-0.6855
BAX,0.36975002,0.75015,-1.075,-0.376,-0.18195,-2.2507,-0.82025
PPARG,0.9912,-0.28445,-0.1947,0.0255,2.4362001,-0.055999994,1.1092501
SPTAN1,-0.953,1.18565,-0.5173,1.517,0.72475004,2.5613,-0.26955003
EIF4G1,0.49564996,0.026250005,0.50769997,0.1148,1.2676499,-0.45635,-0.54055
VAT1,0.42045,-4.34685,-0.023449995,1.7755,1.1105,-0.45615,-1.3439
MACF1,0.13345,0.42355,-0.09395,1.1561,-4.1934,2.03285,-0.48154998
PARP1,0.3426,0.99995,0.444,2.2535,0.53304994,0.4187,0.07675001
FDFT1,0.45069999,0.862,0.6522,-0.0515,-2.4924,2.3495,-1.3951
HSPA8,-4.8238,0.39270002,-5.51275,1.2439,-4.35905,0.22459999,1.8654499
PDLIM1,-0.87585,1.22815,-0.3649,-0.377,-1.4125,-0.2597,-0.1376
EIF5,-0.025449991,0.15024999,0.4057,0.6889,-0.36510003,-3.87435,1.6139
CCND1,-0.76625,0.63995004,-0.18354999,1.2746,-1.3558999,-1.5220001,-0.98135
TMCO1,-0.27425,0.49335003,1.27365,1.0857,-0.8655,2.61005,-0.008149996
OXA1L,-0.046900034,1.31295,0.75734997,0.7442,0.42195,-1.0767,-4.6691
CDC42,-0.32165,0.2904,0.3351,0.0638,-0.72735,0.8108,-0.65055
TSC22D3,1.04715,6.1736,-0.28445,-0.4728,6.1018,0.34505,2.2743502
PTK2,0.22375003,0.6083,-0.27145,-0.5975,1.63275,0.77325,1.49685
ADH5,0.6121,-0.31855,0.6966,0.7537,1.41855,0.39855,-1.2544501
REEP5,-1.07235,-1.1891,0.96965,0.9058,1.49045,-0.94124997,-1.37105
DUSP6,0.537,0.83645,0.47915,0.2289,-9.407801,1.3865,-3.67935
HLA-DRA,0.20699999,-0.93995,-0.66225,-0.6475,5.9703503,-1.15625,-0.12079999
ATP6V1D,-0.060850002,0.36595,-0.76294994,0.893,0.16465,2.9131,0.005750001
CYCS,-2.0253,0.46934998,0.7672,-0.4994,-3.1953998,1.61275,1.0158
CAST,-1.0267,-0.20934999,-2.2883,0.0759,-4.21685,-1.0510501,0.8829
LGALS8,0.723,-0.77545,0.2243,0.1888,0.53,-0.6935,1.33605
BECN1,-0.16120002,1.5483,0.27655,0.6375,-0.0036,-1.20425,-1.6329501
ALDH7A1,0.1525,-1.29605,-0.67754996,0.1395,-1.1762,0.122150004,0.9704
STAT3,1.8544999,1.1819501,0.81490004,0.1228,-0.40105,1.19275,-0.68315
DNAJB6,-0.3916,-0.63325,-0.41965,-1.1665,0.87960005,-0.2338,1.5064
COPS7A,0.66295,0.3167,1.1031,-0.1193,1.16195,-1.2333499,-1.15745
PSMB8,-0.56245005,0.89495,-0.14695,0.8226,1.1245,-0.96135,-1.9091499
XPNPEP1,0.1311,0.73690003,0.50045,0.8911,-0.77030003,0.14225,-1.35655
RALGDS,0.39575,-0.69105005,-0.26514998,4.2649,-0.073149994,-0.51625,0.44814998
CORO1A,0.57655,-0.18595,-0.03760001,-0.7677,-1.6398001,0.5581,-1.80295
GLOD4,-0.18775001,0.064799994,0.41765,0.4339,-1.24,-1.0998,-1.6517
DLD,-0.7991,0.23089996,0.779,2.0582,0.50905,0.49455002,-0.58755
IFRD2,-3.01265,0.44614998,-1.5979002,1.526,0.60469997,-0.57255,-0.9695
TSPAN6,5.0524,-0.1994,0.79644996,0.2061,0.3761,0.06115,-0.6215
CDKN1B,0.42154998,-0.7663,-0.38774997,-1.7365,1.3258,-1.2342999,-2.9290001
PRPF4,0.101500034,0.62395,0.61825,1.4633,-2.3012,1.3364999,-0.7745
CYB561,-0.74224997,-0.96739995,-0.5776,-1.6352,0.6445,0.27504998,-0.31715
MAN2B1,-0.22315,0.54245,-1.1876,0.6867,1.54045,2.6678,-1.0818499
MBOAT7,-0.025199994,-0.33515,-4.52215,-1.6448,-0.64395005,-3.80615,-0.34765
FOS,3.2148,-0.06765,3.4935,-0.4665,-1.2126,5.86805,4.604
TUBB6,0.6948,1.3671501,-0.12325001,0.8349,-1.5594499,-5.7076,-0.4377
CBR1,0.31505,-0.12325001,-0.39670002,1.3152,1.1596999,-0.22290003,-0.70855
MFSD10,-0.3667,-0.13645,0.55975,-0.3269,-0.2744,0.0747,-1.859
SORBS3,0.07405001,0.19534999,-0.23885001,-0.6636,1.15565,0.18415,-0.0823
SMC3,0.2028,-0.9796,0.25305,-1.1923,1.18665,-1.48385,2.0615501
SFN,0.24890003,-0.06455001,-0.8754,0.7445,0.86925,-0.0838,-0.8637
NR2F6,0.007450014,0.13165,-0.121499985,0.0,-0.3662,-0.7543,0.63095003
TSPAN4,-0.8526,0.6108,0.91755,1.058,-1.00585,0.2473,-2.30355
GADD45B,0.21124999,-0.4329,-0.40955,-0.5608,0.84495,6.8294497,2.0866
PSIP1,0.6265,-1.2533,0.5918,-0.4974,1.6484,1.73645,0.005600005
IKBKB,-0.5795,0.475,0.16575,0.929,-0.8756,0.10304999,1.54635
BAD,1.6080999,-1.3239,-0.26095,-0.3713,-0.45424998,-0.14089999,2.01195
STXBP2,-0.59784997,0.89460003,0.11415,1.5874,-6.61795,-0.47715002,-5.21975
ABCC5,0.022399992,0.173,-0.0941,0.0941,0.65550005,-0.80085,0.7187
KIF2C,0.9463,0.3367,0.52585,1.1472,0.66115,0.0469,-1.14545
GRB10,-0.058800004,-0.065699995,-0.20395002,0.0782,2.8070998,2.1008499,0.81515
ARHGEF2,-0.75535,0.00595,-0.2202,0.8926,-0.60285,1.8357501,-0.11264999
AURKB,-0.015849993,0.3746,0.49699998,-0.0266,-0.8966,-3.3406,0.18335003
MKNK1,-0.3656,0.70159996,-1.0296,-0.4454,2.4977,0.94235003,-0.052650034
RPA3,-0.56105,0.5056,1.3866,0.3144,0.16815001,2.41445,-0.84885
RAB27A,0.006150007,0.64025,0.154,0.1531,0.93435,-2.574,-2.11465
HDGFRP3,-0.341,0.14055,0.5806,-2.1085,0.5478,-1.01835,1.12185
GSTZ1,-1.43625,0.42509997,-0.59655,0.521,-0.035400033,-0.6743,-1.2105501
RRS1,0.2156,5.0726,-0.33025,10.0,5.69845,-0.70739996,-1.2341
EED,-0.71774995,0.99215,0.021,0.0488,0.056500003,1.5466499,-0.70395
GNAI1,0.51685,0.6632,0.2169,1.686,-0.42365,0.623,4.9177
PRUNE,-1.0527,5.38975,-1.37165,0.908,-0.25765002,-0.6828,-0.1564
EPHB2,0.35095,-1.012,0.2256,0.1124,3.36715,-0.008300003,0.47859997
GATA3,-0.35995,-0.7219,0.041150033,-1.6385,0.42010003,0.32395,-0.47105002
ACAT2,1.336,0.066,-0.1161,-0.6917,0.027350001,-0.2657,0.27055
PAK1,-0.5113,0.21959999,1.80085,0.5793,-0.14185,-0.031200022,0.13979998
CETN3,-0.80560005,-0.37835002,0.80325,0.0,0.23245001,-0.82194996,-1.18155
CBLB,-1.0354,-0.16935,0.60029995,0.8492,1.2525,0.4485,-0.47715002
GATA2,0.20190002,0.48475,-0.7993,0.0723,1.0989001,5.37115,0.9149
TGFB3,0.11219999,-0.82850003,-0.31065002,-0.376,0.124199994,-1.59955,0.93109995
CXCL2,1.37135,1.146,0.47489998,1.7795,1.9867499,0.53425,-0.63145006
HIST1H2BK,0.8969,0.31345,-0.662,-0.3681,3.33275,-0.3196,-1.5748
ANXA7,-0.18795,0.50345,1.4505501,0.2649,-1.0124,0.5645,0.4536
SPP1,0.11295,-0.27205,-0.34945002,1.4558,0.9479,3.47025,-1.34075
PUF60,1.22505,0.57325,0.54675,1.4434,0.65244997,-4.0506,-2.97835
CFLAR,0.83634996,0.59924996,0.185,0.4985,0.5728,-0.79314995,0.058800012
PRKCQ,0.22125,0.50255,-0.120500006,-0.8429,-1.4762,-0.22170001,1.1297
MAPK13,0.2954,-1.1122,0.37025,-1.0337,5.5734,-0.76390004,2.6173
FYN,0.61755,1.4647,1.08365,-0.3644,0.24259996,0.0651,-4.7942
RPL39L,0.284,2.03475,0.5845,0.2236,2.00155,1.6468,-0.5293
PLA2G4A,0.15905,-0.99035,-0.42635,-1.1674,-0.32944998,-1.79355,1.1202
DYRK3,-0.63304996,-0.74740005,-0.12609999,-0.0968,-1.1148,1.2293,1.42565
ME2,-0.83865,0.7364,-0.788,0.366,-0.016900003,0.8517,4.1746
ACLY,-1.4282,0.55535,1.4126,1.6238,-0.7989,0.004150003,-1.3632
CHEK2,0.0275,0.59099996,-0.04275,0.4484,-0.028049946,1.49625,0.1518
GPER1,-0.2834,-0.9734,-0.057500005,-0.1914,0.56175,-0.1759,0.04335001
HMG20B,0.36925,0.49645,0.2863,0.5726,-4.5039,-1.22015,-2.9863
LYN,0.39894998,0.1129,-0.038500004,-0.0515,-0.61305,0.046199977,0.7206501
GRB7,0.9791,-0.57185,-0.99634993,-0.3244,0.6617,-0.79215,0.0176
DHRS7,0.257,0.58545,0.22945002,0.0,0.554,0.4009,-3.0579
TPM1,0.10365,-0.368,1.35015,-0.3707,0.70495,2.8712997,0.74885
HSPA4,0.83595,-0.70915,0.93645,-0.1327,-0.71169996,-1.2242501,1.3677499
MLLT11,-0.46615,-0.17840001,0.097849995,0.8525,-0.97280014,-1.20085,-0.035950005
CDK7,0.3151,-0.07320001,-0.132,-0.956,0.0044,3.3511,0.99169993
RAE1,-0.97145003,0.84195,0.93145,1.0227,-1.09645,0.67075,2.1521
BMP4,0.82355,-1.2574999,-0.252,-1.3779,0.04275,-0.9858,3.2091
BDH1,-0.82145,1.07855,0.764,0.647,0.4245,-1.7794499,-1.1822
BID,0.44709998,-0.21700001,-0.94585,-0.9792,-0.32575002,-0.6434,1.6991501
BLVRA,1.4322001,0.51965004,-0.2476,-0.6745,-0.56684995,-0.6414,-2.2477999
LSM5,-0.010399997,0.73845,0.697,0.4521,-5.41975,0.43215,-0.92329997
TXNDC9,0.40829998,0.39205,0.85054994,-6.8319,-3.53515,0.48099998,1.18055
MTA1,-0.38155,1.21825,1.0809001,1.1881,-0.124100015,1.3273001,-0.018099993
CXCR4,0.5754,-0.6804,-0.67575,-2.5202,0.120600045,-0.53569996,0.7143
COL4A1,1.1533501,-0.52075005,0.21270001,-1.9973,-0.3787,-0.99555,0.9498
RNF167,0.28665,0.507,0.84905005,-2.4259,0.8251,0.12525001,0.5179
WIPF2,-0.63750005,-0.20684999,-0.46325,0.241,0.10174999,1.80985,1.24955
TBC1D9B,1.4621,0.96264994,0.9796,-0.5671,0.44475,-0.10560001,-0.13415
ADGRG1,0.557,0.097700015,-0.43344998,0.0,0.98995,-5.45145,-4.142
HN1L,-1.17715,0.18779999,-0.085700005,1.4708,-0.12565,-0.65875006,0.07615001
ZMIZ1,-0.58515,0.0529,-0.78270006,0.6323,-0.34485,-1.84675,0.49554998
PDS5A,0.2253,0.057550006,-0.1772,-0.9274,-1.3787,-0.78094995,0.88995004
IGFBP3,-0.31195003,-0.21065,-0.4782,-0.1007,-1.0445,1.2502999,-1.973
XPO7,0.21139999,-0.09335001,0.69995,1.6887,-0.36825,0.02425,-0.38825
CRKL,0.30115,-0.4704,-1.2844499,-0.5713,-0.91045,-1.7088499,0.92345
COG4,-1.8909,1.0467501,-0.24505001,0.5364,0.17835,0.09989999,0.16665
H2AFV,0.53595,-1.1486,-0.42900002,-0.6809,-0.82305,-0.020549983,0.26465
FBXO21,1.2294999,-0.5914,-0.1011,-1.3434,0.1904,-1.4342501,2.5964
ATP2C1,-0.97035,-0.31599998,-0.34805003,-0.5427,0.18439999,0.13740002,3.30225
TMEM97,-1.34765,0.2803,-0.61555,0.5623,-1.9132,-0.08835,0.4121
SUZ12,-0.66555,0.24085,-0.3029,-0.4476,-0.65784997,1.8082,1.9282999
TXLNA,-0.38905,0.6871,0.335,1.2258,-0.73690003,-0.9175,-0.66465
TFDP1,0.0269,0.8849,0.6674,0.5861,-0.6898,-0.76119995,-1.9186
VGLL4,-0.114999995,-0.16175,-0.7255,-0.2408,0.76465,0.3488,-0.66464996
UBE3B,0.029999986,-0.91225,-0.2421,-0.5338,0.47155002,0.41595,0.2637
KIF1BP,-0.37864998,0.5672,0.37325,0.7708,-0.5769,-0.64745,0.12779999
SPRED2,1.1603999,-0.56565,-0.89710003,-10.0,-3.59315,-0.7194,0.60425
KAT6B,0.62839997,3.3104,0.2918,-0.9984,0.55990005,-0.49065,0.90155
GPATCH8,4.8128,0.80415004,-0.2986,0.3273,3.0749998,1.24775,0.2787
ADO,-0.0327,0.4486,0.23005,0.721,-2.40305,-0.2858,-3.65765
ATP11B,0.0442,-1.2635,-0.85945,-1.1355,0.24220002,-1.61555,0.78835
ZNF451,-0.42825,0.15129998,-0.19915,-0.2819,0.99189997,5.482,0.501
RBM34,-0.41655,0.70145,-0.31105,0.4943,0.39569998,-0.64415,0.33045
ARID5B,0.64305,-0.033150002,-0.19849999,-0.2825,-1.05655,1.7017,-0.6695
CHN1,0.71819997,-0.4476,-0.5015,0.2493,1.3362,-0.08039999,0.66435003
MAPK1IP1L,1.06375,-0.13930002,0.3218,-1.0235,-1.435,-0.026700001,0.3398
DHX29,-0.32285,1.2519,0.7223,-0.28,-0.30785,0.82935,1.91685
JADE2,-0.81555,4.48735,-0.5768,1.0427,0.7798,-4.0310497,-1.5959
TIPARP,-0.593,-0.2037,-0.094000004,0.7078,-1.42925,4.92005,1.22535
KDM3A,0.017299999,0.60465,0.04914999,0.2852,0.21679999,0.52680004,0.25825
PCCB,1.1419001,1.70935,0.36569998,0.4176,0.27685,0.2753,-0.48534998
PLEKHM1,-0.13235,-0.89935005,0.4964,0.5968,0.21254998,-1.45175,0.37865
JMJD6,-0.6528,-0.004799992,0.2657,0.7501,-4.5802,0.69519997,-4.23
PIK3R4,-1.2642499,0.6265,-0.16385,1.0556,-2.8501,2.8052,0.22919999
CAMSAP2,0.42435002,-1.0351,0.86644995,-1.5491,-0.64635,-1.8808501,0.97625005
KIAA1033,-0.3408,0.7602,0.7098,0.459,-0.041400015,2.9759,0.19145
SLC1A4,0.19624999,-1.47175,-1.3600501,-2.382,1.60705,-1.00295,-0.4214
ASCC3,-1.48465,0.30635,0.04259999,0.1526,-0.26049998,-1.1279,-0.8839
SLC25A46,0.16230002,0.41235,0.69675004,0.2328,0.1169,-0.39265,-0.82575
RRP1B,0.05935,0.6479,0.32045,0.9586,-1.4807,1.0201,-0.23085
AXIN1,0.1668,-0.1909,-0.73794997,-1.0941,-1.0273501,1.8354499,2.13965
DCUN1D4,0.0705,-0.87549996,-0.02505,-0.7209,1.3628501,0.069350004,1.08625
MAPKAPK5,1.8096001,-1.24925,2.30265,-0.1947,0.45815,-0.47190002,0.10095
C2CD2,-0.001800001,1.0467,4.7188,9.6102,-1.2247,-0.81334996,4.18285
WDR7,1.6712501,0.51199996,0.6919,-0.8421,0.57705,0.65125,-0.56345
SUPV3L1,0.5702,-0.79525,-0.4662,-1.414,-3.5206,-1.2379,1.02195
CDK19,1.92215,0.46475002,0.60295,-0.261,3.5597,3.1655998,-0.30735
THAP11,-5.9144497,0.2071,0.12730001,-0.8068,-3.35935,0.42335,-3.0925
C2CD5,0.038150005,0.93275,0.4178,0.4998,0.7149,-2.21375,-1.65505
POLR2I,0.6538,0.9885,0.2022,0.1935,-0.4124,0.27380002,-2.76435
RFNG,0.25225002,-1.0218999,-0.1135,-0.2709,0.16455,-0.10494998,-0.58205
RPIA,-0.5153,0.90195,0.48745003,-0.4662,-1.76105,-0.95600003,-0.60899997
TLK2,0.37164998,-0.39965,-1.229,0.0388,-0.25980002,-0.6587,0.34575003
TIAM1,6.7432995,2.4717,-0.94515,0.9626,1.80265,2.65745,0.19094999
HOXA10,-0.052150004,0.60389996,0.16154999,-0.4144,4.5406504,0.098,0.1697
COG7,-0.44085,0.2236,-0.71015,0.694,0.45929998,-2.3444,-0.77335
TICAM1,-0.8531,-0.1748,-0.21195,0.7187,-0.67505,-0.42769998,0.75345004
KLHL9,0.5542,0.36035,-0.27205,-0.0209,-0.79545003,-0.76695,5.1394
SNX13,-0.0581,-0.71870005,-0.2831,-0.8038,0.79475,-0.6142,0.65635
SRC,0.18400002,0.124250025,0.47464997,-0.4034,2.2399,0.037,0.7761
GDPD5,-0.27805,1.76765,1.23755,-0.3258,0.061400056,-0.010650002,-0.21704999
PLCB3,0.19515,-0.26755,-0.31385002,10.0,-0.32529998,5.0047503,4.3651
TBX2,0.11549999,0.5303,-0.1943,1.0887,-0.69315004,-2.1576,-0.5952
APBB2,-0.05705,-0.6657,-0.6907,-0.7343,0.23719999,-1.0648999,0.21204999
FCHO1,-0.79075,-1.1003499,0.3091,-0.2024,0.068699986,0.09489998,0.54255
FAM69A,-0.0722,-0.66110003,-0.07295,-0.6734,0.154,-0.4246,0.93135
ASAH1,-0.60160005,0.2609,1.3652999,1.9534,-0.29759997,-0.4433,0.022049963
SMARCA4,-0.84099996,0.473,0.40845,1.0846,-0.61305,-0.0921,-1.44325
SOX2,0.24545,-0.0196,0.3671,-0.9239,-0.71585,-0.75004995,0.99375004
HOXA5,-0.39639997,0.49285,0.89755,0.4828,-0.002849996,-1.0947499,-1.0906
TMEM110,2.9566503,0.1937,-0.428,-1.5103,-0.31875,1.94325,0.8339
ATP5S,1.6224,0.0644,1.49295,0.682,0.26995,-0.030849993,-1.4252001
TBC1D31,-0.20674999,-0.52965,1.75185,-0.6842,0.96035004,0.0486,-0.57715
NFKBIB,-0.012200028,1.2344,0.28614998,0.9079,5.6078,-0.27975,-1.13115
CTTN,0.21245,-0.36380002,0.81404996,0.2191,3.1761,0.2611,-1.61825
PARP2,-1.9760001,1.04535,-0.07969999,0.1606,2.1938999,-2.52345,0.77855
AKR7A2,-0.59400004,0.5481,0.89065,0.6026,-4.12015,1.6603501,-2.3399
ACAA1,-0.09505001,0.060200006,-0.3291,1.1335,0.1455,-0.24015,-0.035150006
SPDEF,0.06485,-0.0715,-0.35925,0.0236,0.2237,-1.6281,0.92525005
RALA,-0.42310002,-0.27949998,0.8081,-0.0589,-0.0422,2.3406,0.6656
ETS1,0.05935,-0.4339,-0.26375002,-1.3859,0.16759999,-0.8628,0.11355001
CCNB1,2.15825,-0.5345,0.54165,-0.5955,0.0,-2.76585,-0.22425002
ZNF131,-0.40794998,0.36855,0.29224998,-0.5231,8.18825,-0.7069,0.61065
FEZ2,-0.7791,0.57379997,3.6753001,1.5283,0.6431,-1.5476999,-0.4128
NSDHL,0.1784,0.99615,-0.004250001,0.9102,-1.0482,0.88175,0.71035
DNM1,-0.52615,-0.110800005,-0.695,-0.0748,0.09735,0.7273,0.58985
UBQLN2,0.106000006,-0.45865,-0.266,-0.3935,-1.1128,-0.9777,0.2684
MAST2,-0.43935,-0.32549998,2.4938,0.1174,0.45815,2.9903002,0.68404996
TRIM2,0.5849,0.17820004,0.53540003,0.3298,1.6668,-1.8072,0.12974998
IGHMBP2,-0.13280001,-0.67115,-0.51215,-0.8938,0.0858,-1.39885,0.658
NR3C1,5.0926,0.81035,-0.2945,0.4574,3.7680998,-0.37015003,-1.0929999
PPP1R13B,0.3822,-0.58585,0.3667,-1.7301,0.12940001,-0.4032,0.9321
CCL2,1.6668501,-1.0016,-0.08609998,-1.9073,-0.90054995,-0.7214,1.1020501
ERBB2,0.97905,0.5003,-0.8952,-0.335,-1.94415,-0.36585,-0.055250004
RRP12,0.29865003,-0.20820001,-0.16155,2.0086,-0.84075,1.1666,-0.1011
HOMER2,0.8647,0.59445,-0.5325,-0.3457,-1.6385001,0.7931,0.19184999
VDAC1,0.38734996,0.11715001,-0.67075,1.0465,0.45065,-4.81685,-2.44845
HERPUD1,-1.07465,0.1434,-0.1458,-0.4048,1.61145,0.3025,2.5657501
GAPDH,0.4872,0.0,-0.6747,0.0,0.04100001,-0.20975,-1.2729499
HLA-DMA,-0.7662,0.83255005,-0.09650001,0.791,0.50695,0.3147,-1.4328
IDE,0.1279,-0.1828,0.22149998,-0.3359,-0.1556,0.24080001,0.48935002
NGRN,0.098500006,0.34684998,-1.41185,-1.6782,-0.82390004,-0.33865,-0.2722
CNDP2,0.4702,0.93645,0.58635,0.8813,1.4897,0.007150009,-1.7695999
TM9SF3,0.20964998,0.73115,-1.0689499,-1.3401,-1.06635,-0.38050002,-0.9598
ADI1,0.34100002,0.09405005,0.58995,0.6488,1.55345,0.0712,-1.33065
RAB31,0.60249996,0.3083,-0.21765001,-0.5688,1.59295,-0.86630005,1.3406
TMEM50A,0.010950014,0.6712,0.44030002,1.297,-0.07404998,1.7770001,-1.54945
HACD3,0.1483,-0.6417,0.208,-0.2758,0.63725,-1.8969998,0.3365
YKT6,-0.58965,0.89425,-0.3444,1.0018,-2.3165998,1.3752,0.2828
SNX6,-0.57554996,1.2674,0.4079,0.0567,-0.72470003,1.55285,0.8004
BZW2,0.24805,0.4108,0.0528,-1.7382,-1.72145,1.2814,-1.3474
UBE2J1,-0.38580003,-0.52165,0.4653,-0.1534,1.2594501,-0.86800003,-1.24215
EVL,-0.34655,1.01465,-0.16704999,0.6965,3.74205,0.32514998,-0.7893
BACE2,-0.91349995,0.6833,0.7161,-10.0,0.69334996,-0.70554996,-4.5664
MIF,-0.8111,-0.4135,0.08295,0.0,0.0,0.08295,-2.3562999
PIH1D1,1.1103,1.9974,0.8389499,1.2518,1.4031,0.70975,-0.46855003
CAB39,2.04805,0.16319996,0.34724998,0.2009,-1.2598001,2.2524,0.74915
IARS2,0.6429,0.70739996,0.68410003,0.3454,-0.41315,0.3582,-0.74354994
DSG2,-0.4928,0.48204997,0.80404997,0.0,1.26105,0.12655,0.34475
KLHDC2,0.37275,-0.94325,-0.061800003,0.0933,1.36635,-0.17025,-1.15975
BAG3,-1.087,0.1488,0.022149999,0.5215,-3.1529,2.4582,5.1298
CNPY3,-0.0404,-0.3809,-0.2958,0.0553,0.20210001,1.2384,-0.7809
LAP3,0.79855,-0.53655005,0.25559998,-1.8827,1.34945,0.57,1.17915
STUB1,-0.62115,0.75710005,0.0,0.4502,0.2946,2.60785,-2.0574
NOSIP,-1.3448,0.7295,-0.26275003,1.1876,-0.29715002,5.0144,-0.08685
ENOPH1,0.38375002,-0.38485,1.9854,-0.6014,1.36115,2.18785,1.756
HSD17B11,0.051649988,-1.4770501,0.71215,0.0383,-1.7547001,-0.4087,-0.57189995
SQRDL,4.88935,0.4777,4.4860497,10.0,-0.119399995,0.59085006,-0.32015
MRPS2,-1.6313,-1.1544499,-1.7558,0.6572,-1.0166,-0.81335,0.40625
NUP85,0.3839,0.5382,0.3674,0.4476,-0.5813,0.65345,-5.2964
FIS1,-0.0055,0.15005,-0.32485,0.0409,1.1349001,-1.4412501,-1.0964
NUSAP1,0.62395,0.3027,0.46805,0.5296,0.95305,-1.6789,0.90365
MRPS16,-0.82105005,1.28485,1.1906,0.9107,-0.18935001,-0.34895,-2.5785499
UFM1,-0.3858,0.24540001,0.52,0.5028,-0.65265,0.63215,-0.064499974
NT5DC2,0.29955,-0.75444996,-0.11974999,-0.8065,0.66275,-0.46344998,-0.0932
AKAP8L,0.77635,0.089,0.4339,-0.3366,0.17615002,0.68845004,-0.67215
NPDC1,-4.9802,0.12835002,0.50119996,0.8491,0.4216,0.88565,-1.1800499
ANKRD10,0.5202,0.53025,-0.46095002,1.7096,0.38155,0.5215,-0.912
DERA,0.0326,-1.36175,0.31855,-5.0638,0.8024,-1.1250501,-1.8337
TEX10,-0.979,-0.14675,0.3207,0.3567,-2.51085,0.8927,0.37085003
UBR7,0.3934,1.2374,-0.8517,1.4151,0.28095,2.9928498,0.88045
TMEM2,-1.00175,0.3659,-0.29070002,0.6114,-3.36355,4.7247,0.17465
TRIB3,0.9751,-0.23279998,-0.69200003,-0.7853,1.0282,-0.23075,0.27535
ZNF395,-0.33179998,-0.55045,-0.63855,-0.3119,0.23754999,-0.94405,0.16765
ADCK3,0.86270005,0.82705,5.2043,-0.7714,-0.64704996,2.165,-0.95519996
ISOC1,0.4753,-0.027850002,0.958,-1.1515,-0.61585,-1.69365,-0.41285
CCDC92,2.36285,0.62214994,-0.315,-0.4982,0.078999996,6.48155,0.12054999
GOLT1B,-0.008700013,-2.0963,1.0767,0.2653,-0.56425,0.65345,0.6878
SCAND1,-0.38775,0.73405004,0.4735,1.1624,-0.04824999,-0.71755,-1.05055
NR1H2,0.7366,-0.99195,1.0862,0.9806,2.40725,-1.32775,-0.054850005
TSKU,-1.52655,0.8375,-0.8861,1.3342,0.004900008,-2.4780002,-0.8077
ZDHHC6,-0.55785,1.031,-3.9364498,0.1332,0.2989,-1.6110501,1.71195
PLEKHJ1,0.050600007,-0.5025,0.21225,-0.2311,-0.0844,-0.9218,2.1505
PRKAG2,0.518,-0.75765,-1.19725,-0.6745,0.117,1.04615,1.80995
TIMM9,0.64255,0.17594999,0.6997,0.8624,0.1548,-0.93254995,-3.28315
SESN1,3.70345,0.050299995,-0.85595,7.3678,5.98335,2.105,2.96845
GMNN,0.22794999,-0.95255,0.8575,-0.7286,0.92130005,1.1415501,0.58005
CRELD2,-0.7789,0.16104999,-0.3523,0.0344,-0.59,-0.24979998,1.1653
NUDT9,-0.18315,1.1482,0.08925,0.1711,-1.0196999,4.8333,1.7293501
CDCA4,1.08835,0.23804998,1.15215,1.2402,-0.033900023,-0.53805,-1.59295
NENF,-0.99385,1.31955,0.32,-0.5152,0.55345,0.5507,-1.1242
CERK,0.30605,-0.59455,-0.25805,1.5165,-0.08155,-0.17170003,0.8843
DNAJC15,0.3186,0.041199997,0.1284,-0.2114,-1.505,0.6395,0.071299985
HEBP1,0.43735,0.60245,0.23414999,-0.7164,1.0226,3.20955,-0.33765
DNMT3A,-0.0712,-0.79155,0.018549979,-0.5787,-0.86125,-1.6121,0.7757
KCTD5,-0.44785002,-0.37094998,-0.3759,-0.0315,-1.6522,1.7443501,1.7439501
ERO1A,-0.6763,2.7809498,-0.004899997,0.7608,-1.4472,1.05025,-1.5966
CD320,-0.05635,-0.52375,-0.79069996,1.5905,-0.066599995,-0.8842,-5.89015
DHDDS,0.31524998,-0.7983,-0.00424999,-0.8777,0.7399,4.7793503,2.26515
CHMP4A,0.7803,-0.61475,0.013150007,9.9487,-0.14955002,-1.4363,-0.56275
ABHD4,3.8087497,-0.028550014,1.6094501,-0.1762,2.37725,-1.40295,2.59295
TCTN1,-0.2369,0.06434998,-0.16839999,0.1766,-1.1157501,-0.029750004,0.37795
HEATR1,-0.3829,0.039000005,-0.09009999,0.8305,0.19705,0.75145,-0.3718
CISD1,0.7235,-0.56624997,0.34175003,-0.8154,-1.2101,1.39545,2.4203
SUV39H1,0.14209999,0.724,-0.6385,-0.179,-0.15409999,-4.55125,-1.18125
VPS28,1.1874499,-0.5139,-0.96155,-1.5886,0.7098,-1.8663,-1.6057
EXOSC4,-1.5979501,0.17295,0.23404999,-0.5882,-1.1182,-2.62915,-1.236
NARFL,0.22439998,-0.4964,-0.93535,-0.56,0.13724999,-1.1005,0.87525004
CHMP6,0.69759995,0.0183,-0.088100016,0.0807,2.7198,-0.62885,0.49975
PACSIN3,0.061649993,-0.8046,0.014599994,-1.2714,-1.0390999,-1.4107,0.6434001
KIF20A,0.2978,0.75200003,0.045750007,1.0629,1.48875,-0.95915,-1.42725
HOOK2,0.58075005,-0.4342,-1.2608999,0.648,4.00005,3.0565,-0.561
TXNL4B,0.3403,0.14615001,-0.708,-0.7538,0.77915,1.2167499,0.96915
VAV3,0.25059998,1.1960499,-0.07255,1.1574,4.2076,-1.33865,-2.33775
SLC35F2,-0.16604999,0.25550002,-0.72440004,-0.4235,-0.64325,-0.24605,0.05490002
DUSP22,-0.0128,0.29569998,-0.77125,0.0862,1.8746,1.09525,-0.67815
IGF2BP2,-0.1731,0.14415,-0.22305,-0.7496,-0.0508,-1.1862,-1.92765
PPP2R3C,-0.02265,0.88955,1.2651501,1.1063,0.027950004,-1.3203499,-1.2892001
TNFRSF21,1.00025,-0.90514994,-0.15219998,-1.9504,-0.20855,-0.46339998,1.38455
FAM57A,0.77175,0.41435,-0.03514999,-0.0851,-3.48305,-4.3130503,-2.4962
NOTCH1,-0.2685,-1.00055,0.80295,-1.6125,-0.055399984,0.28135002,1.51195
ANO10,-0.42685002,1.08535,-0.1409,1.633,3.1246,1.34375,-0.72964996
PNKP,0.015299991,0.38715,0.058649987,0.4025,0.58199996,0.38910002,-0.5253
EDN1,0.26285,-0.486,0.16249998,-0.7214,-0.35675,-1.31445,0.88215
FASTKD5,1.62185,0.09404999,0.1164,0.093,-1.0403,2.3918,1.63645
METRN,-0.09865004,-0.2619,0.7641,-0.1193,-0.13100001,1.04975,1.2028999
LAGE3,-0.83615005,0.7831,0.67455,1.3876,-0.28399998,1.7207,-1.62805
PXMP2,-0.3803,-2.6879,0.45375,0.2202,-3.65975,0.58204997,3.807
AMDHD2,-2.1444998,0.2544,-0.76755,1.0223,1.56575,-0.6078,-1.09445
PRR15L,1.55895,-1.04215,0.8310499,-0.8064,2.6196,-0.62425,0.72765
FSD1,0.22044998,-0.37510002,-0.052400023,-0.9662,-1.1977,1.72555,-0.3377
TIMM22,-0.15824999,1.5801,-0.3629,1.6045,0.62125,-0.12265,-0.8573
FBXO11,0.58435,-0.007649958,0.49709997,-1.3864,-0.1958,0.57594997,-0.4217
RBKS,0.7299,0.47459996,0.68495,-0.591,1.3712,3.73595,-0.63490003
CHAC1,-0.058950007,0.83905,0.076000035,0.1398,-0.82375,0.27095002,0.17225
MSRA,-0.37615,-0.38335,0.5231,-0.312,1.22635,-0.4996,-1.0708001
HERC6,-0.4053,0.43265003,0.016150001,0.1768,-1.5811999,-0.85805,0.30445
MTERF3,-0.17975,0.13125,0.9301,-1.0774,0.47245008,0.84685,-2.87405
ADAT1,0.83905,-0.76605,0.08445001,-2.4083,0.78029996,-0.46934998,3.3837502
FKBP14,0.62329996,0.88874996,0.21314996,0.6816,-0.49415,0.82875,0.42635
PAK6,0.5273,0.33560002,-1.222,1.013,2.4191,-1.5725999,-1.2530999
PSMD10,-1.14525,0.334,-0.229,0.7804,1.62635,0.05610001,0.50485003
CHIC2,0.070250005,-0.54065,-0.030599982,-0.4478,0.49680007,0.20715001,-0.3281
LRRC16A,0.51855,0.2967,0.4548,0.053,1.26635,1.21065,0.6143
TSEN2,0.021249995,-0.023400009,0.96805,-0.734,1.1441001,-1.3951,-1.2673
ZNF586,0.41125,0.38745,-5.6809,-0.6696,-6.17425,0.32315,-4.5109
PRR7,-0.0511,0.8469,-2.1022,1.179,-2.4896,-3.7226,-2.4282
GFOD1,1.0078001,-0.43234998,-0.8262,5.0458,0.4962,1.1784,0.32939997
SPAG4,0.87205005,-0.52385,-0.16905,0.2768,3.1757,3.5721,0.3007
MCOLN1,-0.38555,0.15525,-1.0445501,0.4035,4.59985,1.50365,0.54285
ZNF589,0.092199996,-0.33984998,-1.2908,-0.9502,3.5180998,-1.0718501,3.0409498
SLC2A6,0.037600003,0.2654,-0.97985,-0.7368,-1.0751,0.5216,0.55345
MCUR1,-0.079050004,0.96325004,-0.4156,0.6828,-0.48575,0.3218,-0.77065
FBXL12,0.13875,-0.50075,-0.40105,-0.607,-0.64559996,-0.75189996,1.45285
SNX11,0.8853,0.5545,-0.41799998,0.788,4.52915,1.4585,0.3548
FAIM,0.03544998,-1.0425999,0.53665,-0.3941,2.3207002,-2.02455,2.01125
GTPBP8,-0.18565,0.42214996,0.8684,-3.0045,-2.132,-1.6075,0.023550004
TLR4,-3.9815001,-0.9327,2.9133,0.1848,-5.37805,-0.2256,-0.467
DENND2D,0.5496,-1.0006,-0.044249997,-1.43,3.98195,-1.0943,-0.45949998
PECR,-1.53385,1.2643499,0.26825,0.1831,-0.69805,2.571,-1.3859
ARID4B,-0.39595002,0.11744997,0.14175,2.0136,-1.2563,2.0056,1.3426499
FRS2,-0.29654998,-0.65565,0.6813,-1.1434,-1.04985,-0.4561,0.55979997
ITFG1,0.12614998,-0.36935002,-0.90320003,0.037,-2.2468,0.67139995,0.9626
BNIP3L,-0.6904,1.00715,0.62765,0.473,0.18619996,0.8649,-1.68835
ARPP19,0.71595,0.021399997,0.66495,0.7371,-2.3586,-0.26775,-0.39309996
ATG3,0.57105,1.00035,-0.36605,0.7013,-0.18225002,-0.017150015,-0.4002
UTP14A,-0.24105,0.57795,0.6498,0.4663,-2.7319999,-0.8691,-2.72615
WDR61,-0.18555,-0.5809,0.41120002,0.3428,0.36715,-1.576,-1.7512
EIF4EBP1,-0.52140003,1.213,0.96305,1.8237,2.13405,0.70445,-1.59715
GRWD1,0.5446,-0.42425,0.4816,0.1079,1.01625,-0.56005,-1.323
ABHD6,-0.403,-0.79649997,-0.013450027,-0.6745,5.1133003,1.1195,0.41335
SIRT3,0.1627,-0.4487,-0.14015,-0.2976,1.5223,-1.44165,0.29505002
NOL3,-0.006799996,-0.41360003,-0.18375,-1.9784,1.4006,-2.6668,0.30455002
STAP2,-0.47885,-0.27935,-0.07225001,-1.4508,-1.73855,-1.25365,1.0347
ACOT9,-0.5109,0.90685,0.31575,1.0182,-0.9812,1.0897001,-2.00195
CANT1,0.30615002,-0.08915001,0.66115,1.1592,-0.44280002,-1.8889501,-0.39265
YTHDF1,-0.2094,0.34135002,1.1795,3.2873,-0.90325,0.67315,-0.2118
HMGCS1,-0.1531,-0.005849998,-3.7104998,-0.0539,-1.1176,-2.22015,2.06785
MICALL1,0.67165,0.6356,-0.4235,4.0175,-0.5057,-0.96870005,-0.96145
FAM63A,2.7078,0.3757,0.028249979,0.6506,0.107549995,-0.0936,-1.5341
ATF1,-0.39769998,-0.3784,0.7446,1.2872,-0.8844,-5.188,-0.28454998
P4HTM,-0.21734999,-0.56135005,-0.07545,-0.9633,0.43135,0.10315001,-0.8792
SLC27A3,0.82914996,-0.519,-2.5168,-0.1899,0.001099989,-7.7888503,-4.7386503
TBXA2R,0.46225,-0.98029995,-0.57025003,-0.7431,0.20409998,-0.3684,1.04935
RTN2,0.2401,-1.44305,-0.5495,-0.7473,0.57275,0.1443,1.3446
TSTA3,-0.5306,0.5446,0.3298,0.2751,-1.30515,0.21015,-1.87475
PPARD,2.21845,-0.18744999,-0.21395,0.6675,1.8854,2.5111,2.42785
GNA11,-0.16795,-0.315,-0.21795002,0.0471,1.5908,0.27375,1.3691499
WDTC1,-0.52639997,-0.16084999,-0.795,0.4761,-0.918,2.3871,-1.70745
PLSCR3,0.099949986,-0.07005001,-0.53785,-0.5638,-1.03385,0.7724,-0.2868
NPEPL1,0.27359998,-2.90765,-2.346,-0.3411,-0.060599998,-5.5055,-1.9514
